"net_name","ei","modularity","smi","rwc","bp","aei"
"arvopohja_p2.edgelist",-0.485197368421053,0.239052220394737,0.497035840381498,0.547103057978294,0.428002494138858,0.484234333564738
"arvopohja_p2.edgelist_conf_1",-0.517302573203194,0.258680811161701,0.536794410153513,0.565200927419584,0.405988735290683,0.519382417700501
"arvopohja_p2.edgelist_conf_2",-0.536388140161725,0.253175531515561,0.475599897541229,0.522477467982652,0.444797545759084,0.530115325669156
"digitalisaatio_p1.edgelist",-0.943870014771049,0.319555384887275,0.973203240720479,0.739085511219998,0.442550505050505,0.941422076452659
"digitalisaatio_p1.edgelist_conf_1",-0.789310611928737,0.371602004222764,0.832074696994966,0.505331947633996,0.480868686868687,0.794145491388444
"digitalisaatio_p1.edgelist_conf_2",-0.789889415481833,0.390901671870204,0.848578160953115,0.435722270748772,0.448749055177627,0.789437923536465
"digitalisaatio_p2.edgelist",-0.965644171779141,0.302870262335805,0.88259613001435,0.874197539630378,0.513194444444444,0.966798598235026
"digitalisaatio_p2.edgelist_conf_1",-0.872170439414115,0.347598674470435,0.745061055826588,0.64001023234335,0.4765664160401,0.86865242636833
"digitalisaatio_p2.edgelist_conf_2",-0.823684210526316,0.372458448753463,0.728610073365038,0.597087056122975,0.485296574770259,0.821745438499943
"digitalisaatio_p3.edgelist",-0.921835174171623,0.375686930685779,0.963186118471304,0.744661153559726,0.491211484593838,0.923714788830735
"digitalisaatio_p3.edgelist_conf_1",-0.82780269058296,0.403637314243198,0.857176999170587,0.572185697415558,0.437432848276222,0.82715089993983
"digitalisaatio_p3.edgelist_conf_2",-0.835013748854262,0.373466433556446,0.868405982684402,0.576098520283008,0.466198560475669,0.830336992459261
"eduskunta_p2.edgelist",-0.942408376963351,0.458899838271977,0.95253352525914,0.7713538187459,0.38286346589918,0.944271021350132
"eduskunta_p2.edgelist_conf_1",-0.776098901098901,0.364275147928994,0.801930147349663,0.567525143125596,0.410033112571628,0.772951838427942
"eduskunta_p2.edgelist_conf_2",-0.764305177111717,0.321446072062307,0.877910434099022,0.507046549772684,0.446378190774743,0.760114922717284
"eduskunta_p3.edgelist",-0.975095785440613,0.255655377930447,0.92531461525488,0.892954290819086,0.41969696969697,0.971586392493761
"eduskunta_p3.edgelist_conf_1",-0.775100401606426,0.354953952355607,0.912747920612045,0.658742506520861,0.462068505087986,0.77525837784829
"eduskunta_p3.edgelist_conf_2",-0.770091556459817,0.384299107202918,0.767879739125745,0.675741476870732,0.429966011000494,0.770751648191369
"eduskuntavaalit2019_p2.edgelist",-0.91264367816092,0.435048223014929,0.937071529723405,0.852823516201291,0.42233893557423,0.913953564968038
"eduskuntavaalit2019_p2.edgelist_conf_1",-0.891491985203453,0.268399518944963,NA,0.759723720380629,0.564141414141414,0.887206054461604
"eduskuntavaalit2019_p2.edgelist_conf_2",-0.997506234413965,0.0099128736761587,NA,0.911068110396933,1,0.997137815627278
"eduskuntavaalit_p1.edgelist",-0.876567020250723,0.429477732759639,0.913464072523978,0.52454357257811,0.389125770719138,0.886720039490919
"eduskuntavaalit_p1.edgelist_conf_1",-0.685442284807616,0.324654575504674,0.772346238486706,0.337633834732067,0.467235712723896,0.687316306599706
"eduskuntavaalit_p1.edgelist_conf_2",-0.715641684793356,0.357211005922634,0.686725548062439,0.357046802928539,0.42655950182114,0.715671796996077
"eurovaalit2019_p2.edgelist",-0.849076517150396,0.423190453979017,0.859694340459332,0.51767587055408,0.38017948126899,0.849024173041024
"eurovaalit2019_p2.edgelist_conf_1",-0.554134929270947,0.278313378192931,0.472304744670077,0.219689167111721,0.465111148948398,0.559234696756488
"eurovaalit2019_p2.edgelist_conf_2",-0.589273498426597,0.291738261618018,0.596694349121631,0.244612800368751,0.432699489837767,0.587951230373528
"eurovaalit_p2.edgelist",-0.807721810278701,0.398930276901927,0.796786387091202,0.448949144990667,0.439051637645071,0.806937036723086
"eurovaalit_p2.edgelist_conf_1",-0.638874137015401,0.320448014476171,0.558884582869674,0.353592153143845,0.446403018867402,0.643655538381784
"eurovaalit_p2.edgelist_conf_2",-0.665431445209105,0.324353386368547,0.580582524672252,0.371222138932415,0.452173435182835,0.663316480276102
"euvaalit2019_p3.edgelist",-0.896629213483146,0.438940088933777,0.922497686848243,0.707104630813315,0.409781746031746,0.897738947623676
"euvaalit2019_p3.edgelist_conf_1",-0.812703583061889,0.333937230103237,0.927161478382089,0.609712842328734,0.485048348841452,0.811117142099806
"euvaalit2019_p3.edgelist_conf_2",-0.864187550525465,0.339038367657429,0.894086322241969,0.661405454187378,0.448507180650038,0.858713389949792
"hallitus_p1.edgelist",-0.800257179597085,0.396704397241979,0.814090794302459,0.622042963439154,0.426894670720475,0.799791508169825
"hallitus_p1.edgelist_conf_1",-0.793165467625899,0.380119106153926,0.731920089199717,0.623452030329739,0.430354026468674,0.792128586838254
"hallitus_p1.edgelist_conf_2",-0.766044606281293,0.379398480445363,0.748542836746167,0.584910658139379,0.421314746053031,0.765801173631579
"hallitus_p2.edgelist",-0.875532821824382,0.435837895705374,0.854278157224057,0.785206679843635,0.426254540478678,0.875711035164571
"hallitus_p2.edgelist_conf_1",-0.820652173913043,0.409794423440454,0.777380191153538,0.65308549905287,0.403983134920635,0.820874252762648
"hallitus_p2.edgelist_conf_2",-0.819469026548673,0.374945571305505,0.858149725647044,0.646917816234961,0.420854218880535,0.818371806964598
"hallitus_p3.edgelist",-0.860252004581902,0.395750115794045,0.786884592918746,0.604646927671041,0.425920253750442,0.857510126584259
"hallitus_p3.edgelist_conf_1",-0.68655303030303,0.328681882747934,0.733718771479763,0.334915107136084,0.43797323082419,0.681914157898173
"hallitus_p3.edgelist_conf_2",-0.668008524745442,0.331587073012044,0.629479698415126,0.337368874604317,0.43316982901722,0.667649818404259
"hallitusohjelma_p2.edgelist",-0.824270353302611,0.40436393496004,0.876636483877713,0.427799097018857,0.448759797524926,0.823705933129252
"hallitusohjelma_p2.edgelist_conf_1",-0.736511919698871,0.368508042234918,0.782460832576432,0.337609590267673,0.463269707416766,0.736710246328153
"hallitusohjelma_p2.edgelist_conf_2",-0.746071653048397,0.342871455203907,0.641308050167195,0.327326829816037,0.46903603530833,0.741965478640812
"hyvinvointi_p1.edgelist",-0.928421052631579,0.422063157894737,0.940847679567576,0.625489465738778,0.419960917635336,0.927718060010209
"hyvinvointi_p1.edgelist_conf_1",-0.841509433962264,0.42064791740833,0.848634192950059,0.536751144999503,0.463458706242211,0.841793943012191
"hyvinvointi_p1.edgelist_conf_2",-0.870110701107011,0.392053485110497,0.910169377265459,0.550045814171306,0.456920634920635,0.867261625771568
"hyvinvointi_p2.edgelist",-0.939338235294118,0.469621810121107,0.934080769566086,0.776064237971499,0.420952380952381,0.939479600048532
"hyvinvointi_p2.edgelist_conf_1",-0.878072763028515,0.410212232751194,0.907843807856346,0.661555255020563,0.470777777777778,0.876729601089052
"hyvinvointi_p2.edgelist_conf_2",-0.870517928286853,0.310764908493516,0.93304863478846,0.639491838413018,0.557583774250441,0.864612179760778
"hyvinvointi_p3.edgelist",-0.9408,0.42587904,0.929675787867671,0.810757984339104,0.413588263588264,0.940053715354728
"hyvinvointi_p3.edgelist_conf_1",-0.855583543240974,0.419971786721147,0.846611151269272,0.590982545068515,0.4749636999637,0.855121643610197
"hyvinvointi_p3.edgelist_conf_2",-0.846025104602511,0.419003868979885,0.844131863806918,0.617804697440011,0.445835194615682,0.846143045742571
"ihmisoikeudet_p1.edgelist",-0.81668625146886,0.399737779980972,0.683269048297265,0.677597066496557,0.453352287884851,0.828340311851431
"ihmisoikeudet_p1.edgelist_conf_1",-0.723880597014925,0.359783792480384,0.673490964859378,0.577555795443424,0.425020703044897,0.723479374703587
"ihmisoikeudet_p1.edgelist_conf_2",-0.679802955665025,0.339173481521027,0.707802886504856,0.525389051517151,0.484757417379369,0.68067997134376
"ihmisoikeudet_p2.edgelist",-0.808411214953271,0.350707485369901,0.739898363503249,0.735646283810925,0.420584795504007,0.799534087331525
"ihmisoikeudet_p2.edgelist_conf_1",-0.741078838174274,0.364536423270949,0.76075777232034,0.608492358435348,0.453312172585036,0.740630971757057
"ihmisoikeudet_p2.edgelist_conf_2",-0.737104825291181,0.34753364470198,0.780435932861782,0.566652820242056,0.452068683590423,0.737385000377221
"ihmisoikeudet_p3.edgelist",-0.780420860018298,0.39035231268766,0.871418612251591,0.67970976417608,0.484980644355644,0.787776882687221
"ihmisoikeudet_p3.edgelist_conf_1",-0.781007751937985,0.379837449672496,0.78964912468713,0.666813577637057,0.437197944174688,0.780587852066956
"ihmisoikeudet_p3.edgelist_conf_2",-0.780848963474827,0.380917763058522,0.839748923544469,0.595961399990481,0.452356411994966,0.780263590324595
"ilmasto_p1.edgelist",-0.894363256784969,0.432706447409138,0.869691127727206,0.59353677236662,0.382250363668981,0.892824586161037
"ilmasto_p1.edgelist_conf_1",-0.689919183326244,0.343326938897283,0.684534730192531,0.312168185536126,0.433756294513811,0.689552516364966
"ilmasto_p1.edgelist_conf_2",-0.694289394589953,0.33670637053184,0.658381457615679,0.332908701360889,0.444027241354368,0.691127214333471
"ilmasto_p2.edgelist",-0.699126092384519,0.349747155942712,0.623606035882801,0.417639115808427,0.41799374019642,0.700461421322451
"ilmasto_p2.edgelist_conf_1",-0.647937642091588,0.318920162472663,0.531982277255242,0.378279506379894,0.459427497467843,0.652444707270658
"ilmasto_p2.edgelist_conf_2",-0.670664505672609,0.330308467016383,0.634410423124681,0.450801364725991,0.45676617642526,0.669544376502123
"ilmasto_p3.edgelist",-0.934065934065934,0.224167151399253,0.942510321975109,0.774848978607685,0.450587360041142,0.919265498452802
"ilmasto_p3.edgelist_conf_1",-0.729517836142689,0.360564822582085,0.780359878254554,0.495757158738028,0.439670466876349,0.729088282639043
"ilmasto_p3.edgelist_conf_2",-0.722725482473415,0.360653443927352,0.690244372362763,0.483189495219279,0.438960308263608,0.722867296080876
"ilmastonmuutos_p2.edgelist",-0.683905146316852,0.304252335092523,0.67062652919232,0.339068119607913,0.413277067797914,0.668840114324551
"ilmastonmuutos_p2.edgelist_conf_1",-0.626779124934107,0.292391865857058,0.671542330864899,0.29717317030529,0.430890081081225,0.619311392425061
"ilmastonmuutos_p2.edgelist_conf_2",-0.600631828353297,0.297509517943777,0.592070324823723,0.307316963259861,0.440343140899573,0.599546529111774
"ilmastonmuutos_p3.edgelist",-0.891706443914081,0.309684383205837,0.790918603597338,0.595984160413764,0.417738300980162,0.880107034508049
"ilmastonmuutos_p3.edgelist_conf_1",-0.620742559067199,0.303742434503606,0.690493207383074,0.278305938314027,0.443459140695574,0.620922486109201
"ilmastonmuutos_p3.edgelist_conf_2",-0.642922653622745,0.320631143253185,0.665945153298357,0.300762397720053,0.427343569592938,0.642707934198811
"ilmastovaalit_p1.edgelist",-0.576973560847553,0.283344536100823,0.544356237149624,0.349141510486661,0.40192604032925,0.57434766964302
"ilmastovaalit_p1.edgelist_conf_1",-0.543497668882055,0.236200199670242,0.585234107187589,0.267687759037302,0.424329451338973,0.524267728857778
"ilmastovaalit_p1.edgelist_conf_2",-0.545102709139625,0.233841870706604,0.489787702021818,0.314905094019593,0.430835852275062,0.520715490290538
"itämeri_p3.edgelist",-0.863777089783282,0.275732431911443,0.659547889346527,0.800241506415706,0.470383867832847,0.851595523336035
"itämeri_p3.edgelist_conf_1",-0.751904243743199,0.374762746563007,0.743274839458497,0.701809199278817,0.41820870700181,0.752728524703047
"itämeri_p3.edgelist_conf_2",-0.747551686615887,0.373891287899867,0.721536229903374,0.705894818126891,0.419179197994987,0.748464959771163
"jotainrajaa_p1.edgelist",-0.586433260393873,0.126991271205512,0.456092408086302,0.38016008459027,0.516243699994275,0.51533400281181
"jotainrajaa_p1.edgelist_conf_1",-0.468154957321077,0.231564252915139,0.486160973117126,0.512415158802793,0.46442810135992,0.470155283288772
"jotainrajaa_p1.edgelist_conf_2",-0.557567917205692,0.209544641347951,0.602518782625569,0.574270066553709,0.423242617171189,0.512962584577209
"journalismi_p1.edgelist",-0.938584779706275,0.403987693426571,0.881036130946099,0.831023856272477,0.454059274059274,0.93787595964665
"journalismi_p1.edgelist_conf_1",-0.754874651810585,0.353849675281849,0.657307791179717,0.654319754914406,0.448604910714286,0.752696706227034
"journalismi_p1.edgelist_conf_2",-0.748959778085992,0.2979564905423,0.906664107863006,0.657414991987829,0.515285149632976,0.745226117941268
"journalismi_p2.edgelist",-0.953363228699552,0.421350921997225,0.960132794277115,0.888496951516214,0.41547619047619,0.953038674124492
"journalismi_p2.edgelist_conf_1",-0.780872794800371,0.289853947957159,0.908824285941741,0.651228526140078,0.545276251526251,0.770824093639242
"journalismi_p2.edgelist_conf_2",-0.81404174573055,0.329074385462087,0.922436841485282,0.733699038590194,0.51266339869281,0.808989240998505
"journalismi_p3.edgelist",-0.861915367483296,0.426042860237135,0.764091123733534,0.801150841541106,0.44709925956334,0.866910225431954
"journalismi_p3.edgelist_conf_1",-0.78125,0.362587890625,0.827552483639344,0.728087285628724,0.437424585996015,0.777926386274049
"journalismi_p3.edgelist_conf_2",-0.813040062843676,0.307349019980512,0.636088797256289,0.68316968135093,0.467699958771387,0.803946502209788
"keskusta_p1.edgelist",-0.93638313080772,0.455491796703558,0.895815633398338,0.783896530538285,0.374648704238667,0.941253641294469
"keskusta_p1.edgelist_conf_1",-0.634182908545727,0.291669382699954,0.675968251043249,0.429904995125595,0.423745027917134,0.623052679136715
"keskusta_p1.edgelist_conf_2",-0.592370979805535,0.29311931455513,0.56711303112723,0.384190154405611,0.427675451356744,0.591453400197335
"keskusta_p2.edgelist",-0.848948374760994,0.360489655575826,0.921600297767282,0.697014904648705,0.439103904628722,0.841466645124741
"keskusta_p2.edgelist_conf_1",-0.662662662662663,0.322047773499225,0.70666612777819,0.453137579812605,0.448288216846625,0.660981054796065
"keskusta_p2.edgelist_conf_2",-0.694795351187468,0.335296765609389,0.726624112602827,0.483413317604968,0.400324650359042,0.691498869825658
"keskusta_p3.edgelist",-0.934743202416918,0.214806363578281,0.967986708956566,0.7690738355949,0.512673926194797,0.91656472291738
"keskusta_p3.edgelist_conf_1",-0.628052598622417,0.302873774363249,0.517578087447394,0.391326723480829,0.43836117302375,0.627428201966327
"keskusta_p3.edgelist_conf_2",-0.615094339622642,0.306995767572485,0.591336247791476,0.435549723344612,0.431351983119781,0.615487636694652
"kokoomus_p1.edgelist",-0.933323455326715,0.43644153688464,0.915257541483748,0.780853876333495,0.393354737520178,0.932488827724296
"kokoomus_p1.edgelist_conf_1",-0.625649913344887,0.0733134250523569,0.251616067453809,0.170192161468292,0.771586420941178,0.543789047620282
"kokoomus_p1.edgelist_conf_2",-0.479636591478697,0.216188674223152,0.446848808944816,0.241877018045423,0.444639166274135,0.462547941223329
"kokoomus_p2.edgelist",-0.737231680236862,0.336564575627561,0.746468554725163,0.568278262302878,0.482731106478241,0.734986868585493
"kokoomus_p2.edgelist_conf_1",-0.555642023346304,0.275535435812806,0.529250858080694,0.423964182683943,0.435188531802793,0.554785345474903
"kokoomus_p2.edgelist_conf_2",-0.575686274509804,0.269668589004229,0.633071057253668,0.400682673169791,0.431467546263561,0.569877197246219
"kokoomus_p3.edgelist",-0.890472618154539,0.405488468891416,0.870218754180306,0.813998715828391,0.410181543973917,0.885873857231262
"kokoomus_p3.edgelist_conf_1",-0.640822784810127,0.31597750761096,0.677198032828422,0.457829026933103,0.438592803909705,0.640894239315831
"kokoomus_p3.edgelist_conf_2",-0.643533123028391,0.314172446735464,0.706617745660685,0.447304160378358,0.441291473677837,0.645354503596457
"koulutus_p1.edgelist",-0.78892912571133,0.388717991676143,0.748807976623843,0.426561571231491,0.411370013264472,0.790453528614758
"koulutus_p1.edgelist_conf_1",-0.663816141101015,0.331952633817635,0.612368440341515,0.320396073340906,0.493043911292574,0.667261446305237
"koulutus_p1.edgelist_conf_2",-0.711093375897845,0.321219814663483,0.759628011121418,0.31357841059701,0.469053842399431,0.706322317353512
"koulutus_p2.edgelist",-0.88855421686747,0.361981056757149,0.905940686773356,0.607364087619807,0.413876705949877,0.881738189908841
"koulutus_p2.edgelist_conf_1",-0.767539267015707,0.347103971930594,0.83098459428429,0.454795537035675,0.464850919123071,0.761989133554801
"koulutus_p2.edgelist_conf_2",-0.752855659397715,0.368708680147816,0.714244183769259,0.374858863412796,0.450703463203463,0.752179468141262
"koulutus_p3.edgelist",-0.837278106508876,0.391604324467319,0.883706578632694,0.524556840047603,0.417098916041224,0.833602540339735
"koulutus_p3.edgelist_conf_1",-0.783563042368555,0.338718095641613,0.687165564714788,0.440343762096834,0.449095075021001,0.776465864015727
"koulutus_p3.edgelist_conf_2",-0.782409761057448,0.335150212362652,0.841983744110256,0.437975860447486,0.461956394859621,0.776203705569166
"koulutuslupaus_p1.edgelist",-0.790778383738225,0.263808692057029,0.438500475717751,0.687233977264169,0.834892424584368,0.773862106380701
"koulutuslupaus_p1.edgelist_conf_1",-0.23721436343852,0.129332280320782,0.934620698014139,0.536958451895155,0.972547619047619,0.253625056362437
"koulutuslupaus_p1.edgelist_conf_2",-0.417079889807163,0.108690207863761,-0.0425874107100923,0.545220417693118,0.974207858048162,0.282383632082518
"lapsenoikeudet_p3.edgelist",-0.636178861788618,0.290807389781215,0.578593668646556,0.688461204743792,0.432849232608823,0.625860967811424
"lapsenoikeudet_p3.edgelist_conf_1",-0.657397107897664,0.328200534273034,0.66898430515468,0.705923740855187,0.453693226465504,0.658508100968415
"lapsenoikeudet_p3.edgelist_conf_2",-0.581858407079646,0.281536338006109,0.682612024366579,0.628127080866885,0.454674417192351,0.58329043793263
"lapset_p1.edgelist",-0.842170160295931,0.420245058315,0.763356135631171,0.577297922815466,0.488622534872535,0.8520284597154
"lapset_p1.edgelist_conf_1",-0.807542262678804,0.316434462198217,0.630481633906685,0.531994510400653,0.483799930228502,0.798638483692307
"lapset_p1.edgelist_conf_2",-0.784338896020539,0.311687081129983,0.558316622544021,0.516919393042837,0.475944194694195,0.781742871372931
"lapset_p2.edgelist",-0.904639175257732,0.451784860240196,0.936371695224914,0.824521474448,0.43148094595463,0.911217594891264
"lapset_p2.edgelist_conf_1",-0.822191592005513,0.360717032052326,0.915281251625474,0.718141091453882,0.485448328267477,0.822024205223159
"lapset_p2.edgelist_conf_2",-0.820317899101589,0.406707584120615,0.853122954752306,0.773133035595986,0.443910256410256,0.819899751547407
"lapset_p3.edgelist",-0.808157099697885,0.399622128312082,0.863939122130105,0.631146726527806,0.451270894982863,0.818302789347087
"lapset_p3.edgelist_conf_1",-0.78740157480315,0.353928947857896,0.833070449480299,0.624534316008973,0.445693592122164,0.783040718867052
"lapset_p3.edgelist_conf_2",-0.761942051683634,0.348111795399481,0.861762953426281,0.607041626018607,0.464642040349588,0.760124047323192
"liikenne_p1.edgelist",-0.89875,0.4164859375,0.859225005678014,0.715363643085969,0.398449328449328,0.897222572798172
"liikenne_p1.edgelist_conf_1",-0.800259403372244,0.398988293203194,0.757220265826151,0.542455030557493,0.443911556509982,0.800928302540978
"liikenne_p1.edgelist_conf_2",-0.805825242718447,0.402518616269205,0.760277119710834,0.512868611188499,0.440554305711786,0.805990170953233
"liikenne_p2.edgelist",-0.867579908675799,0.317914555576406,0.942026386921639,0.720012157055672,0.557321428571429,0.868896807976093
"liikenne_p2.edgelist_conf_1",-0.853233830845771,0.359031954654588,0.951202885950417,0.717218730132635,0.480193236714976,0.851560657284378
"liikenne_p2.edgelist_conf_2",-0.859393939393939,0.407710560146924,0.848355883537014,0.773514788177154,0.441736694677871,0.858996405728221
"liikenne_p3.edgelist",-0.885339885339885,0.42992243975045,0.876674679998071,0.771621033706162,0.441707717569787,0.884216556192102
"liikenne_p3.edgelist_conf_1",-0.844693701466782,0.325109936044655,0.701650562116762,0.695199979312048,0.477053140096618,0.836738838927089
"liikenne_p3.edgelist_conf_2",-0.828178694158076,0.377451848702779,0.769298873743286,0.699140574357607,0.443448323828071,0.824698181012968
"luonto_p1.edgelist",-0.784090909090909,0.387346263875984,0.666684937856979,0.507311233928468,0.42516032982926,0.788309544767914
"luonto_p1.edgelist_conf_1",-0.69807868252516,0.348230735554962,0.700690928642787,0.423675462034518,0.413847699503265,0.698337565040719
"luonto_p1.edgelist_conf_2",-0.716542750929368,0.352028371636655,0.742324468638275,0.450041654046716,0.428526690533611,0.714970211649518
"luonto_p2.edgelist",-0.853904282115869,0.426365245639526,0.844834881977598,0.721175494720852,0.366342887390487,0.855316188945945
"luonto_p2.edgelist_conf_1",-0.699955217196596,0.338738889783564,0.762200658477182,0.445426760734947,0.426035624960232,0.700639992287251
"luonto_p2.edgelist_conf_2",-0.684962070504239,0.338013265815506,0.772181452821886,0.428863856501922,0.441890927159762,0.68512346958992
"luonto_p3.edgelist",-0.725190839694656,0.354127684003565,0.748838086675364,0.485184843315418,0.415635456574758,0.725492314896174
"luonto_p3.edgelist_conf_1",-0.711538461538462,0.349021857263615,0.73973932789138,0.41889749035608,0.410058128954931,0.710410379557676
"luonto_p3.edgelist_conf_2",-0.727897388914338,0.355495102391381,0.694944539449434,0.450129629901753,0.420826033338974,0.726281249761802
"maahanmuutto_p1.edgelist",-0.95748031496063,0.304425568851138,0.915709613807986,0.855182383884509,0.404036654135338,0.947569422999509
"maahanmuutto_p1.edgelist_conf_1",-0.631313131313131,0.309543598158918,0.60861285221962,0.484324132809684,0.420279644205837,0.629638674578091
"maahanmuutto_p1.edgelist_conf_2",-0.590794979079498,0.276597398504928,0.440888662375583,0.465104258309456,0.461404664071115,0.586406381166293
"maahanmuutto_p2.edgelist",-0.978642257818459,0.315502050652782,0.982733983534106,0.902954870349818,0.340740740740741,0.974317233083587
"maahanmuutto_p2.edgelist_conf_1",-0.663702506063056,0.333735685404684,0.567963563610257,0.59859155103058,0.415724867724868,0.664560827157037
"maahanmuutto_p2.edgelist_conf_2",-0.659886086248983,0.297682597334156,0.805723983974803,0.611623943197469,0.445074490726665,0.651948332249806
"maahanmuutto_p3.edgelist",-0.986168741355463,0.291565036567705,0.983175607545512,0.947466033211354,0.323611111111111,0.982777123684733
"maahanmuutto_p3.edgelist_conf_1",-0.686217008797654,0.331934064894523,0.610413849487442,0.579118442376199,0.443641108346991,0.682641200321913
"maahanmuutto_p3.edgelist_conf_2",-0.667157584683358,0.332147249376954,0.721844520245714,0.590051140420712,0.451064494577153,0.668757865615201
"metsä_p2.edgelist",-0.879799666110184,0.419519455073982,0.889205309562985,0.769517300368253,0.382600732600733,0.877613426983282
"metsä_p2.edgelist_conf_1",-0.702726473175022,0.338403844770411,0.638570767181181,0.575288049640303,0.443494490648138,0.702261836745007
"metsä_p2.edgelist_conf_2",-0.715539947322212,0.353779827814396,0.687169813271068,0.57485472386172,0.418100723885848,0.716136960341633
"metsä_p3.edgelist",-0.896200185356812,0.441188722953409,0.881236173122094,0.720329621452336,0.413831696758526,0.897061102711578
"metsä_p3.edgelist_conf_1",-0.71868978805395,0.356671901277468,0.683999289153399,0.478836706844045,0.41829067033394,0.72045017141994
"metsä_p3.edgelist_conf_2",-0.6981852913085,0.338209228349703,0.58454604973712,0.453898452913846,0.439795962866659,0.701076926867294
"mielenterveys_p1.edgelist",-0.790540540540541,0.370294010226443,0.84472931106317,0.61838563445184,0.431610038821577,0.788261919362293
"mielenterveys_p1.edgelist_conf_1",-0.694819020581973,0.33830878349211,0.717490871292597,0.495555897646051,0.476371655164759,0.695068467347782
"mielenterveys_p1.edgelist_conf_2",-0.723796033994334,0.361667295299697,0.708500189035039,0.522956432519627,0.446782203930165,0.724198622832006
"mielenterveys_p2.edgelist",-0.931922723091076,0.217974574485282,0.956414284499554,0.882183843615643,0.478747795414462,0.917473071727912
"mielenterveys_p2.edgelist_conf_1",-0.731108930323847,0.363715509345979,0.722794310109576,0.678255138804668,0.455082624400157,0.73120304531835
"mielenterveys_p2.edgelist_conf_2",-0.795878312070658,0.362669630311616,0.796001266688061,0.723074778847998,0.433094083094083,0.794554702759825
"mielenterveys_p3.edgelist",-0.751983298538622,0.30526087316565,0.79152276232726,0.5858048997209,0.415180847496839,0.735393435111685
"mielenterveys_p3.edgelist_conf_1",-0.692104102337892,0.347336761952869,0.78331816789994,0.574858203323554,0.444846219361807,0.693348775152498
"mielenterveys_p3.edgelist_conf_2",-0.7011393514461,0.347545589804291,0.748775400663777,0.561268780541284,0.424976166603005,0.700801737332806
"monimuotoisuus_p2.edgelist",-0.731465265615879,0.361330834670077,0.662548006462465,0.653773034152926,0.425417913377472,0.734390249412427
"monimuotoisuus_p2.edgelist_conf_1",-0.700187382885696,0.34485707519621,0.581117408047922,0.574284841916136,0.469173068742263,0.703054050847005
"monimuotoisuus_p2.edgelist_conf_2",-0.719059405940594,0.352116214096657,0.666567953767779,0.616249007028378,0.442381771345186,0.719457123378398
"monimuotoisuus_p3.edgelist",-0.750915750915751,0.375560184626119,0.838524532109409,0.617133286381652,0.446644157142566,0.764861920644526
"monimuotoisuus_p3.edgelist_conf_1",-0.730880929332043,0.362708265196249,0.668907127202341,0.617497547411516,0.474643257976591,0.732140085653534
"monimuotoisuus_p3.edgelist_conf_2",-0.770048309178744,0.30580877033303,0.805675870964848,0.585668853715664,0.46580984987235,0.754427738848448
"nuoret_p1.edgelist",-0.875177304964539,0.419751521553242,0.911570873484748,0.596400831416777,0.452052664945385,0.874001198123255
"nuoret_p1.edgelist_conf_1",-0.73721015826279,0.368634135947155,0.75356266698033,0.348812880500937,0.448888893258972,0.737441993808151
"nuoret_p1.edgelist_conf_2",-0.744837758112094,0.362889234778674,0.706703613322939,0.356329802009269,0.450203407703408,0.742713049557275
"nuoret_p2.edgelist",-0.814581458145815,0.392568464767269,0.716756160359698,0.419026340870794,0.464046400459444,0.821015573807008
"nuoret_p2.edgelist_conf_1",-0.770050996754752,0.385104485638182,0.817349924490339,0.387608206218084,0.453691239748116,0.770248597629439
"nuoret_p2.edgelist_conf_2",-0.7569573283859,0.366458879048331,0.7895991464635,0.394733996560214,0.478848940813832,0.756276450669347
"nuoret_p3.edgelist",-0.776106194690266,0.384437309107996,0.797219789721078,0.431613629774499,0.441827034230349,0.777479665000703
"nuoret_p3.edgelist_conf_1",-0.705749207786329,0.33737533252686,0.728328536624012,0.353063295177306,0.464115908416045,0.70499995126828
"nuoret_p3.edgelist_conf_2",-0.686221009549795,0.342669711582904,0.603170565517694,0.305532152128251,0.488122688684239,0.693278253486233
"nytonpakko_p1.edgelist",-0.970318198968683,0.203006874533255,0.956185236689938,0.820108031468223,0.351968884279553,0.96172958738808
"nytonpakko_p1.edgelist_conf_1",-0.557715350818799,0.262477359571736,0.452466298417784,0.335299996797135,0.44687266362579,0.550502969031265
"nytonpakko_p1.edgelist_conf_2",-0.578626359055953,0.27652665624083,0.593744944585495,0.354765636235296,0.451590120772839,0.57193036829534
"nytonpakko_p2.edgelist",-0.938869665513264,0.417916186082276,0.911606966851395,0.879751634946713,0.661869384345217,0.935577500774542
"nytonpakko_p2.edgelist_conf_1",-0.664057796508128,0.330448026601704,0.705418665832865,0.539748261848876,0.466618171306179,0.664603617580112
"nytonpakko_p2.edgelist_conf_2",-0.720845921450151,0.360902145836566,0.800275977707303,0.623675035038293,0.417419399259022,0.721194379676978
"nytonpakko_p3.edgelist",-0.810302534750613,0.33498581628089,0.713418356768904,0.787120417855476,0.427617359000338,0.804102859314868
"nytonpakko_p3.edgelist_conf_1",-0.792139737991266,0.391975744169638,0.774179965549797,0.797234985684604,0.471428571428571,0.792795593027507
"nytonpakko_p3.edgelist_conf_2",-0.776041666666667,0.383544921875,0.686240943059174,0.761784053109006,0.479000981836033,0.776366306055375
"opiskelijat_p3.edgelist",-0.742175856929955,0.305343138452518,0.543411514643414,0.620448907253422,0.454980325463519,0.730828440677144
"opiskelijat_p3.edgelist_conf_1",-0.70647931303669,0.337235315159836,0.754720163956566,0.618010538257084,0.432701945490407,0.70298594139557
"opiskelijat_p3.edgelist_conf_2",-0.686520376175549,0.345022896787571,0.592313279965935,0.606151159179121,0.441582835913774,0.687230448339594
"osaaminen_p2.edgelist",-0.858223062381853,0.428461161874064,0.831670374705296,0.756727165346327,0.410578572371025,0.858741777153461
"osaaminen_p2.edgelist_conf_1",-0.74901185770751,0.353848677529722,0.82251853359763,0.581893079566945,0.502048390206285,0.746559949877494
"osaaminen_p2.edgelist_conf_2",-0.772994129158513,0.381533848292554,0.711425251163778,0.604428950605843,0.449166220795434,0.772097471007095
"osaaminen_p3.edgelist",-0.849019607843137,0.351845444059977,0.907429902022194,0.552986033679833,0.440596440596441,0.842877281664359
"osaaminen_p3.edgelist_conf_1",-0.789046653144016,0.371943517562302,0.804364765369227,0.612174592098766,0.446184953592361,0.785913620888234
"osaaminen_p3.edgelist_conf_2",-0.768056968463886,0.348096687429951,0.684956050333557,0.546609122840236,0.465050753843857,0.76503133622767
"persut_p2.edgelist",-0.73051948051948,0.349327721791196,0.735081989602841,0.702041285399919,0.410776073055485,0.72607678823899
"persut_p2.edgelist_conf_1",-0.730703259005146,0.362438913880708,0.770321925701048,0.73627634626509,0.414381664381664,0.730659853459215
"persut_p2.edgelist_conf_2",-0.745704467353952,0.312425455533118,0.81923044799404,0.70016170589783,0.460261497761498,0.735001559720736
"persut_p3.edgelist",-0.730075625363583,0.364522577455337,0.625439426087922,0.769370747462284,0.406893140668601,0.738181888114861
"persut_p3.edgelist_conf_1",-0.67175572519084,0.336461388548971,0.557770006806705,0.679323062428098,0.450046874569168,0.673097003612236
"persut_p3.edgelist_conf_2",-0.739240506329114,0.333748597981093,0.753433862828621,0.690671535640837,0.426487680850097,0.729200892385968
"perussuomalaiset_p1.edgelist",-0.915454852891444,0.277534984879085,0.935245721349001,0.789141804752474,0.733223844344632,0.904336415641407
"perussuomalaiset_p1.edgelist_conf_1",-0.512877115526122,0.251857861984611,0.457706586293619,0.42784831150652,0.40682068232485,0.51019637733177
"perussuomalaiset_p1.edgelist_conf_2",-0.491562729273661,0.245135428570506,0.530020376855441,0.437687695162926,0.40183814251295,0.492123283840328
"perussuomalaiset_p2.edgelist",-0.978118161925602,0.448910456837237,0.979333631680195,0.940924217130107,0.276315245514592,0.977596907750296
"perussuomalaiset_p2.edgelist_conf_1",-0.625662154208358,0.293946409635416,0.708601516049142,0.565865380881,0.453815968150207,0.621092275414391
"perussuomalaiset_p2.edgelist_conf_2",-0.636998254799302,0.30427135924975,0.66308796626381,0.589997593555112,0.412203635607891,0.634352851795096
"perussuomalaiset_p3.edgelist",-0.88030888030888,0.319589377021809,0.927489813838712,0.838638113344274,0.419564414913252,0.868542941189481
"perussuomalaiset_p3.edgelist_conf_1",-0.740286298568507,0.313878747579677,0.900254274518994,0.66716815645511,0.499529688418577,0.736433946690327
"perussuomalaiset_p3.edgelist_conf_2",-0.741007194244604,0.369605240781681,0.70870866132561,0.713176927163219,0.444671201814059,0.741695417034466
"poliisi_p1.edgelist",-0.793964620187305,0.374337995562635,0.704445344956648,0.712019501860348,0.411854080683764,0.796526304440881
"poliisi_p1.edgelist_conf_1",-0.769823788546256,0.330829484368026,0.810898562225065,0.649661869710073,0.433724328790118,0.760426072748123
"poliisi_p1.edgelist_conf_2",-0.743815283122595,0.37015366174831,0.702295684948917,0.663159054542127,0.431578407224959,0.743828019753976
"poliisi_p2.edgelist",-0.831706183170618,0.391575950640626,0.822173896065418,0.846970835101934,0.443547108598129,0.827315138057961
"poliisi_p2.edgelist_conf_1",-0.812591508052709,0.348493152512111,0.621546601600723,0.78531276220503,0.484956154956155,0.811624556351826
"poliisi_p2.edgelist_conf_2",-0.834735279564572,0.354750625605805,0.714259395929083,0.825650659334827,0.471011047240555,0.82932809937279
"poliisi_p3.edgelist",-0.728557964184732,0.362060403954443,0.783327445213104,0.653356690226,0.450973009775827,0.728603263215008
"poliisi_p3.edgelist_conf_1",-0.736318407960199,0.364488007722581,0.76267533811902,0.619898686978622,0.443003876870573,0.735479035087645
"poliisi_p3.edgelist_conf_2",-0.777,0.298132,0.899225825715225,0.600898233411512,0.488407596969241,0.768446014091824
"politiikka_p1.edgelist",-0.758583854723028,0.36904742415486,0.752457024268529,0.489519799761994,0.396936895638374,0.756498395806376
"politiikka_p1.edgelist_conf_1",-0.646320414247607,0.32282221730725,0.621501875584336,0.358969321205557,0.429883912472451,0.646298137538558
"politiikka_p1.edgelist_conf_2",-0.611441075336042,0.305894963073116,0.573825488667827,0.335353363893581,0.449096437469309,0.612092629753655
"politiikka_p2.edgelist",-0.822836095764273,0.38391746283691,0.780931430374295,0.539788292705379,0.393312284757762,0.818116147696384
"politiikka_p2.edgelist_conf_1",-0.623299482659513,0.310408624199146,0.718529344858319,0.360107154709004,0.442028684357993,0.627086743059749
"politiikka_p2.edgelist_conf_2",-0.653531315438797,0.325819419715345,0.675543290162263,0.371715956944367,0.414921946699208,0.653290040449495
"politiikka_p3.edgelist",-0.879805746661271,0.416046372645472,0.853175973973019,0.646827606136835,0.392392380333369,0.876952338328491
"politiikka_p3.edgelist_conf_1",-0.643543669034685,0.317847063686414,0.593261630655248,0.370240715508293,0.427944600787192,0.642895493462964
"politiikka_p3.edgelist_conf_2",-0.652173913043478,0.325449359007701,0.662762893239768,0.402503109822904,0.423433173778663,0.652279391549211
"rasismi_p1.edgelist",-0.847743338771071,0.410153874085172,0.919448937375444,0.761444360117368,0.418647420118008,0.849475465239453
"rasismi_p1.edgelist_conf_1",-0.674445076835515,0.334382771378102,0.619165522589108,0.580556483297789,0.436656863667733,0.67517857659273
"rasismi_p1.edgelist_conf_2",-0.672768878718536,0.325922008284067,0.510645870045546,0.583611793569496,0.466737192731511,0.678004131631637
"rasismi_p3.edgelist",-0.984644913627639,0.197621674691738,0.92740068801092,0.938788779246463,0.46468253968254,0.97995641052575
"rasismi_p3.edgelist_conf_1",-0.65058405281869,0.306916164490693,0.609915363924074,0.543007353531381,0.427561660310529,0.64392337114576
"rasismi_p3.edgelist_conf_2",-0.607486090035407,0.297024276908269,0.644919774121112,0.498164436337217,0.43312620413886,0.605588094294243
"sak_p1.edgelist",-0.608988764044944,0.304738178400595,0.664115943429607,0.627820466897721,0.406413523752233,0.610956996085156
"sak_p1.edgelist_conf_1",-0.67687074829932,0.292621130084687,0.464535932287058,0.585525653902207,0.447871013729223,0.668424967064074
"sak_p1.edgelist_conf_2",-0.646258503401361,0.323931868665834,0.574023805497277,0.606971482446096,0.425176073926074,0.648554575891191
"sak_p2.edgelist",-0.995776135163675,0.333502451469599,0.985936274960971,0.994918767240122,0.5,0.995402352256957
"sak_p2.edgelist_conf_1",-0.817972350230415,0.330958397927329,0.949684350484034,0.795961658719258,0.490865528601378,0.81729368333383
"sak_p2.edgelist_conf_2",-0.797035347776511,0.394599605527811,0.718256042114799,0.784681714280337,0.442116724738676,0.798034126305463
"sak_p3.edgelist",-0.929978118161926,0.424873951994024,0.979879177947481,0.968243636074759,0.440860215053763,0.928523804570771
"sak_p3.edgelist_conf_1",-0.877502944640754,0.355859661681934,0.985997037637796,0.893377169494117,0.48026455026455,0.875395986400862
"sak_p3.edgelist_conf_2",-0.928656361474435,0.201051632943625,NA,0.890027517833823,0.507936507936508,0.923993414894579
"samasuunta_p1.edgelist",-0.84025974025974,0.273772980266487,0.703561222658356,0.739173224647479,0.70504147852336,0.835863812699082
"samasuunta_p1.edgelist_conf_1",-0.503287070854638,0.128254723046739,0.300370050190547,0.302144236903549,0.711608327359257,0.45189921434837
"samasuunta_p1.edgelist_conf_2",-0.4903988183161,0.241398645950834,0.473002589413387,0.443118592560968,0.505793285400193,0.489189193092522
"sananvapaus_p2.edgelist",-0.947019867549669,0.455388300599768,0.954621629759278,0.865737724249059,0.374651193810858,0.951282504851049
"sananvapaus_p2.edgelist_conf_1",-0.754172989377845,0.367033096082951,0.808678526906234,0.579715857010859,0.427105514937373,0.753254445953152
"sananvapaus_p2.edgelist_conf_2",-0.770290964777948,0.378926101465963,0.781264636041328,0.61444369363114,0.429783163265306,0.76952528550365
"sananvapaus_p3.edgelist",-0.913536498936924,0.447693303752384,0.876757061933473,0.883033442937925,0.465269841269841,0.912962056760662
"sananvapaus_p3.edgelist_conf_1",-0.825956489122281,0.40879762326178,0.891987621559351,0.712204218772394,0.44914089347079,0.826305054194436
"sananvapaus_p3.edgelist_conf_2",-0.856386999244142,0.325802749083172,0.92462738522688,0.731926856670591,0.486951447245565,0.851496245587715
"siksitiede_p1.edgelist",-0.716603569497025,0.290125105263512,0.689549051116765,0.719071666982572,0.4261784836319,0.696606487315709
"siksitiede_p1.edgelist_conf_1",-0.692217671152721,0.322676800376351,0.684980656980117,0.652876447787563,0.429451315162664,0.684558466664182
"siksitiede_p1.edgelist_conf_2",-0.679525222551929,0.337740756720584,0.699416077858708,0.666829756897915,0.439316675236215,0.679207302971981
"talous_p1.edgelist",-0.917894736842105,0.351469806094183,0.948389513233138,0.685551883651645,0.441512583461736,0.913177416777881
"talous_p1.edgelist_conf_1",-0.817983651226158,0.361133574382466,0.729331806914431,0.467979428227843,0.465022875487992,0.814999309361011
"talous_p1.edgelist_conf_2",-0.789531680440771,0.391836016058405,0.738211156955205,0.465782050441447,0.445594306355896,0.789518859074502
"talous_p2.edgelist",-0.882352941176471,0.395237174396932,0.809007532940778,0.626291606066471,0.433257229832572,0.880186767890533
"talous_p2.edgelist_conf_1",-0.797879858657244,0.380146087477681,0.722157815041108,0.539578394376057,0.465815923207228,0.798203620202266
"talous_p2.edgelist_conf_2",-0.824113475177305,0.403775464010865,0.840192427277172,0.597613604806668,0.470864552114552,0.82302808935519
"talous_p3.edgelist",-0.855681818181818,0.422223657024793,0.868809892539737,0.652772419492995,0.436241924741925,0.855003373639283
"talous_p3.edgelist_conf_1",-0.769682726204465,0.38470673197082,0.767892184766911,0.478796688124056,0.4501443001443,0.769967558509643
"talous_p3.edgelist_conf_2",-0.777647747220597,0.332784716988949,0.878661214572165,0.486140193276102,0.491226869535693,0.772452244903042
"tasaarvo_p1.edgelist",-0.815179760319574,0.408111333135934,0.86923897814462,0.520064903596398,0.443709827844969,0.823508778340626
"tasaarvo_p1.edgelist_conf_1",-0.715306402857928,0.347755956074468,0.624676583373025,0.402927542798553,0.469041226202082,0.716126819115409
"tasaarvo_p1.edgelist_conf_2",-0.738914899476728,0.369104412484041,0.734145490609008,0.415199252715354,0.452028209220947,0.738996390272001
"tasaarvo_p2.edgelist",-0.858197932053176,0.414795679280362,0.826003387720328,0.723735335300372,0.452040816326531,0.85625003454347
"tasaarvo_p2.edgelist_conf_1",-0.784061696658098,0.340577183603069,0.875320374091137,0.569463771244836,0.474193451306127,0.781109588629
"tasaarvo_p2.edgelist_conf_2",-0.790231362467866,0.35382372572214,0.813037831534813,0.586686727790886,0.428898506951139,0.785470625231548
"tasaarvo_p3.edgelist",-0.75978959672706,0.381291201668579,0.643160139279008,0.540636277363449,0.427135941322544,0.771496277616428
"tasaarvo_p3.edgelist_conf_1",-0.706780696395846,0.339553334634441,0.608816173751786,0.512307103714384,0.459747490631955,0.706429370304267
"tasaarvo_p3.edgelist_conf_2",-0.718473282442748,0.355423017306684,0.661553969135983,0.502296155674676,0.430810346378144,0.718208724726134
"terrorismi_p3.edgelist",-0.839679358717435,0.322922397902016,0.691923285228754,0.906414284141639,0.465277777777778,0.827325706885388
"terrorismi_p3.edgelist_conf_1",-0.723981900452489,0.336233901844762,0.835822754763069,0.798316029360335,0.450173611111111,0.724133862912423
"terrorismi_p3.edgelist_conf_2",-0.772727272727273,0.346446280991735,0.571158264962109,0.870220848181349,0.480340136054422,0.773347221093264
"terveys_p3.edgelist",-0.927875243664717,0.411955815464587,0.893364887874495,0.8594064369066,0.456486291486291,0.925888941672816
"terveys_p3.edgelist_conf_1",-0.89738219895288,0.322778432608755,0.762258347571916,0.693842228693756,0.502013888888889,0.893308225379026
"terveys_p3.edgelist_conf_2",-0.874066168623266,0.399153045266974,0.872491872362165,0.759285465685166,0.470013477088949,0.872981834995707
"tphakijat_p3.edgelist",-0.920138888888889,0.459936824845679,0.992226479910851,0.949978165723561,0.374250440917108,0.923811875886119
"tphakijat_p3.edgelist_conf_1",-0.692015209125475,0.327791351617054,0.60692741981368,0.761360022692327,0.488922518159806,0.688050258174653
"tphakijat_p3.edgelist_conf_2",-0.704980842911877,0.348101172912905,0.69516515655974,0.798213916790441,0.458235753317721,0.704843948594831
"translaki_p1.edgelist",-0.41507024265645,0.232544450225733,0.897728743583272,0.557519211552633,0.900111880288092,0.424908441652641
"translaki_p1.edgelist_conf_1",-0.423825344091125,0.175676756282142,0.908050072745133,0.516357084893644,0.936474922747801,0.385992506056542
"translaki_p1.edgelist_conf_2",-0.426004728132388,0.227775262813742,0.0958423804713413,0.574927988379197,0.927944167128859,0.439511580541389
"translaki_p2.edgelist",-0.993016759776536,0.191202287693892,NA,0.982933661859343,0.541666666666667,0.991059751731235
"translaki_p2.edgelist_conf_1",-0.724945135332846,0.33139596797541,0.593944565623146,0.662540263509413,0.46431163486719,0.718550028754781
"translaki_p2.edgelist_conf_2",-0.696703296703297,0.331871888794966,0.638567760762791,0.65863037113983,0.463003410730683,0.694737268517912
"tulevaisuus_p1.edgelist",-0.9359375,0.3521240234375,0.819275699820317,0.684437173300595,0.493092298647854,0.936627865871462
"tulevaisuus_p1.edgelist_conf_1",-0.822406639004149,0.373769046676194,0.648448412432735,0.54643543568645,0.520002939447384,0.825378711425955
"tulevaisuus_p1.edgelist_conf_2",-0.863560732113145,0.41458356981293,0.819937196712128,0.695296474543398,0.430838225701239,0.863188175260812
"turku_p1.edgelist",-0.865671641791045,0.357265858745667,0.794794454832877,0.647765672841761,0.387488093028717,0.859794660718276
"turku_p1.edgelist_conf_1",-0.744194618503502,0.364712421347354,0.685310491116053,0.459465462773764,0.447283305022351,0.743414689791476
"turku_p1.edgelist_conf_2",-0.750368188512518,0.374318661463948,0.75095436774039,0.447308980144874,0.432097392915517,0.750347872246187
"turku_p2.edgelist",-0.906321055025011,0.242436048797244,0.870326405087191,0.708276889890783,0.413411606412826,0.893092286323902
"turku_p2.edgelist_conf_1",-0.747388414055081,0.369439641994248,0.767530018204381,0.47662255722926,0.429374086591158,0.74663080590451
"turku_p2.edgelist_conf_2",-0.691722169362512,0.345600809704137,0.594264636584077,0.428295548521806,0.466837812969279,0.697012371058118
"turku_p3.edgelist",-0.967297210644437,0.273942423444678,0.955651128456949,0.884460041203764,0.358947124304267,0.963189788115093
"turku_p3.edgelist_conf_1",-0.779286926994907,0.359395943168618,0.793885865358989,0.542579939569418,0.436270168269108,0.774340815424827
"turku_p3.edgelist_conf_2",-0.805995284607612,0.358571977800015,0.780623623900497,0.565212800714442,0.421923526209241,0.799895944805608
"turpo_p1.edgelist",-0.716361679224973,0.32221904868946,0.709448640216029,0.475112264638747,0.399360896891841,0.705987542268109
"turpo_p1.edgelist_conf_1",-0.571469167377096,0.263088994982865,0.554240205043804,0.347319771386978,0.522716352126018,0.563211165078133
"turpo_p1.edgelist_conf_2",-0.578500707213578,0.288098685803113,0.610597534276785,0.400453182764888,0.470654055647615,0.58217232710565
"turpo_p2.edgelist",-0.682484900776532,0.338723617768732,0.706865316443796,0.627048470819196,0.42490776936115,0.68187588986841
"turpo_p2.edgelist_conf_1",-0.651258581235698,0.325716529907995,0.700086862249039,0.553210834475382,0.444813253313253,0.65173365563368
"turpo_p2.edgelist_conf_2",-0.674715261958998,0.3366371075285,0.645465641068953,0.575392689645427,0.435395759153886,0.674772362107234
"turpo_p3.edgelist",-0.757327880027267,0.319927289252443,0.709648373700167,0.64547142445259,0.639050724316746,0.75583018531078
"turpo_p3.edgelist_conf_1",-0.675338951997069,0.337775619840426,0.642531888902058,0.561313372076418,0.435840329853317,0.675612673608706
"turpo_p3.edgelist_conf_2",-0.668725027243008,0.334061880649568,0.65556758415978,0.569986023604235,0.428769234546545,0.66894122929009
"turvallisuus_p1.edgelist",-0.876819708846585,0.434600206408184,0.914132831026465,0.649747897664189,0.459979557479557,0.876942679131471
"turvallisuus_p1.edgelist_conf_1",-0.862390670553936,0.378244438966757,0.726062482912806,0.641914388038556,0.508400974025974,0.86069998002733
"turvallisuus_p1.edgelist_conf_2",-0.873798076923077,0.325729821560651,0.681117572060779,0.653251765933497,0.495285087719298,0.870940926318228
"turvallisuus_p2.edgelist",-0.931263858093126,0.465071459825665,0.91628315767471,0.791274525507999,0.413827838827839,0.93146939165082
"turvallisuus_p2.edgelist_conf_1",-0.844497607655502,0.421888235159452,0.820742551934871,0.638201906332022,0.460454822954823,0.844870335261196
"turvallisuus_p2.edgelist_conf_2",-0.87065868263473,0.407113915880813,0.818603092900576,0.668367966701812,0.452380952380952,0.870195663351811
"turvallisuus_p3.edgelist",-0.885078776645042,0.36813168407572,0.960487387370488,0.733431427524056,0.430833333333333,0.887691763466578
"turvallisuus_p3.edgelist_conf_1",-0.805825242718446,0.387953624281271,0.88253294629325,0.643294383561875,0.480463144161774,0.806123208248436
"turvallisuus_p3.edgelist_conf_2",-0.788027477919529,0.347649805799717,0.911182503759814,0.594161053556142,0.516131711855396,0.786746972685535
"tutkimus_p1.edgelist",-0.869739478957916,0.338847534748856,0.91215186897144,0.569989851400495,0.453113553113553,0.871132911844505
"tutkimus_p1.edgelist_conf_1",-0.803571428571428,0.398572664359862,0.777322258818324,0.422471640157517,0.452245908100338,0.803182861274309
"tutkimus_p1.edgelist_conf_2",-0.814872594903796,0.315310542738922,0.593552727179401,0.44373902068992,0.495666139416139,0.810014922021581
"tutkimus_p2.edgelist",-0.834447300771208,0.352018820917123,0.894705900012321,0.517570200409992,0.436500721500722,0.835380685221175
"tutkimus_p2.edgelist_conf_1",-0.748414376321353,0.374360833865972,0.715784839312866,0.467464507913389,0.465569945927089,0.748862996237898
"tutkimus_p2.edgelist_conf_2",-0.80074986609534,0.378454302721786,0.797859543956406,0.528134810124005,0.454451705407119,0.797767242401916
"tutkimus_p3.edgelist",-0.924502402196294,0.460989924389347,0.909910012298743,0.715400856015471,0.419376899696049,0.924672092652118
"tutkimus_p3.edgelist_conf_1",-0.831272727272727,0.370210909090909,0.693853754767648,0.584278182683743,0.473028812974465,0.829394612984289
"tutkimus_p3.edgelist_conf_2",-0.831428571428571,0.406313265306122,0.789510654453097,0.519193722220056,0.474124649859944,0.831074763723204
"työelämä_p1.edgelist",-0.752957359009629,0.360768548178056,0.616059592447823,0.395173322675441,0.443752410259387,0.759174052886906
"työelämä_p1.edgelist_conf_1",-0.716417910447761,0.346341517265742,0.645655183930034,0.369570254035215,0.449276188361951,0.715059066603754
"työelämä_p1.edgelist_conf_2",-0.693923906871096,0.339791643086484,0.775612672095489,0.345397967884934,0.460799004043548,0.698431569203119
"työelämä_p2.edgelist",-0.813198701767039,0.321166354922389,0.677637474987569,0.539892980280554,0.429527892870891,0.800615479741449
"työelämä_p2.edgelist_conf_1",-0.757598499061914,0.32564217551542,0.85202735205445,0.461664494580457,0.48576536121075,0.751943626118629
"työelämä_p2.edgelist_conf_2",-0.753373313343328,0.343505908215308,0.835670406967852,0.431745317500803,0.454231455434384,0.755806862235235
"työelämä_p3.edgelist",-0.74391592920354,0.350108783968987,0.862253282235784,0.479807819961974,0.457433849217518,0.748133201922369
"työelämä_p3.edgelist_conf_1",-0.745098039215686,0.371984125083645,0.725508880944133,0.504930640879407,0.414043811704239,0.745803439005898
"työelämä_p3.edgelist_conf_2",-0.718956122741612,0.358966307648162,0.710039640565767,0.47715510425982,0.447817059483726,0.71900949229256
"työllisyys_p1.edgelist",-0.846153846153846,0.374458927768781,0.890862509675815,0.62889708052375,0.424537508606136,0.848972985280708
"työllisyys_p1.edgelist_conf_1",-0.763275751759437,0.362421299656279,0.805983115859913,0.482519890486561,0.45700474505219,0.761377602680422
"työllisyys_p1.edgelist_conf_2",-0.772378516624041,0.324427986473139,0.599229215745829,0.470934590701287,0.462796412988721,0.766016271043526
"työllisyys_p2.edgelist",-0.901010101010101,0.303822058973574,0.916416963615702,0.713833205066151,0.510539997636772,0.904180928022352
"työllisyys_p2.edgelist_conf_1",-0.825902335456476,0.356153731726777,0.887124180758789,0.643656340622302,0.501515151515151,0.821407079200161
"työllisyys_p2.edgelist_conf_2",-0.876595744680851,0.376901312811227,0.805068817187803,0.664657175403733,0.461425264550265,0.873129633379923
"työllisyys_p3.edgelist",-0.807042253521127,0.400743900019837,0.854131340636381,0.621819909186673,0.406276554284144,0.814072148781859
"työllisyys_p3.edgelist_conf_1",-0.738060781476122,0.341387405991024,0.626007766358277,0.450958482775048,0.45588658008658,0.737015170777169
"työllisyys_p3.edgelist_conf_2",-0.736151603498542,0.368145925592228,0.781922523982264,0.469441872366451,0.429097567602282,0.736555207265127
"vaalikone_p1.edgelist",-0.898153329602686,0.400166720476087,0.927297848053641,0.81974046982218,0.452156678662703,0.894857466472212
"vaalikone_p1.edgelist_conf_1",-0.838479809976247,0.316466703527965,0.931321298998494,0.728817291297729,0.512913832199546,0.833016595117934
"vaalikone_p1.edgelist_conf_2",-0.843437316068276,0.389568908207265,0.746530935471873,0.791334190661241,0.474060452821515,0.84245210509817
"vaalit19_p1.edgelist",-0.889555325749741,0.39278828004607,0.94576522349259,0.596253909921713,0.415201621983428,0.889998755141774
"vaalit19_p1.edgelist_conf_1",-0.765008576329331,0.380128512543801,0.757182788566289,0.447324376021847,0.427755177484646,0.764616498775411
"vaalit19_p1.edgelist_conf_2",-0.759015331461887,0.378116810742958,0.793636416322694,0.457996334006303,0.437806080298899,0.758992962549059
"vaalit_p2.edgelist",-0.915476870359794,0.457753275357705,0.904591102133327,0.78731615533638,0.442204184704185,0.915647254034015
"vaalit_p2.edgelist_conf_1",-0.863855421686747,0.318899695166207,0.928812575905583,0.707551811395672,0.491429539295393,0.859373889557558
"vaalit_p2.edgelist_conf_2",-0.840144230769231,0.420020109097633,0.817365210788536,0.687634035089673,0.454418511258134,0.840350903744076
"vaalitentti_p1.edgelist",-0.835063663075416,0.393506471829101,0.772704008137517,0.496568413946519,0.413017301607486,0.834218286179313
"vaalitentti_p1.edgelist_conf_1",-0.597973657548126,0.28806254356277,0.5676824625889,0.261339841876989,0.421141115119787,0.592798354102167
"vaalitentti_p1.edgelist_conf_2",-0.611681772406848,0.300334689249723,0.567428683328363,0.220025451471593,0.413417783685245,0.60909075188517
"vasemmisto_p1.edgelist",-0.985855728429986,0.304523966237804,0.96928516597338,0.972243360050804,0.412265512265512,0.98230416496342
"vasemmisto_p1.edgelist_conf_1",-0.556800815078961,0.274363031414848,0.508469669660297,0.407135068654613,0.436550350328379,0.555083149623802
"vasemmisto_p1.edgelist_conf_2",-0.539706626201315,0.260161303651578,0.565669522669197,0.386386924093562,0.46660187267496,0.536838481553551
"vasemmisto_p2.edgelist",-0.979323308270677,0.39662360789191,0.96588087922332,0.959068226123916,0.354232804232804,0.977238290479735
"vasemmisto_p2.edgelist_conf_1",-0.62589928057554,0.311402735101597,0.566809413354524,0.550595569739308,0.463726671198476,0.626178885798849
"vasemmisto_p2.edgelist_conf_2",-0.608205128205128,0.303093228139382,0.678198727316878,0.543760709497979,0.472144717261905,0.609423588597421
"viestintä_p1.edgelist",-0.830675778283979,0.411712613916837,0.854107655009797,0.557268890436232,0.420312980895367,0.830392010124758
"viestintä_p1.edgelist_conf_1",-0.791139240506329,0.302349132751162,0.849455116818416,0.476081925758644,0.47208036784308,0.781221048785812
"viestintä_p1.edgelist_conf_2",-0.72468987595038,0.342181530475335,0.801874387623837,0.373289425577908,0.487246120151259,0.729301345528415
"viestintä_p2.edgelist",-0.812169312169312,0.392329131012259,0.909749062105214,0.488564104460797,0.473405670034729,0.822010031168322
"viestintä_p2.edgelist_conf_1",-0.791248860528715,0.360975362491057,0.850633210106352,0.486078475198911,0.460549193785061,0.790004029711314
"viestintä_p2.edgelist_conf_2",-0.778591033851784,0.386134337366038,0.78374235818659,0.508690043917525,0.486559791569488,0.778277733595355
"viestintä_p3.edgelist",-0.820985010706638,0.404101078000266,0.820625813707975,0.611005034591413,0.446467466898224,0.820381471176024
"viestintä_p3.edgelist_conf_1",-0.728014505893019,0.333175654626918,0.758070811967997,0.470973719714506,0.467461288806519,0.724462378491508
"viestintä_p3.edgelist_conf_2",-0.693766937669377,0.347559139548035,0.614010623514059,0.412274132422756,0.476832039717502,0.699744039474219
"vihapuhe_p2.edgelist",-0.978738483345145,0.482634921224901,0.958064871266281,0.96572340056193,0.336255411255411,0.980712481296227
"vihapuhe_p2.edgelist_conf_1",-0.724444444444444,0.360220576131687,0.736671870113504,0.67804752840212,0.425328407224959,0.724442301261161
"vihapuhe_p2.edgelist_conf_2",-0.719142645971914,0.35981031449097,0.757720823349606,0.676466384952415,0.428263244691816,0.720195186360691
"vihreät_p1.edgelist",-0.820531577663984,0.397909384006054,0.803365549729021,0.69399127315024,0.489202059594525,0.823190492810576
"vihreät_p1.edgelist_conf_1",-0.53263373432301,0.266167404176801,0.548294539680202,0.362975671743054,0.461163034884169,0.532950276143564
"vihreät_p1.edgelist_conf_2",-0.577892030848329,0.266891442694669,0.56745265204269,0.403183788991671,0.444635463047853,0.565886965750267
"vihreät_p2.edgelist",-0.97827903091061,0.470682414753118,0.972924763756396,0.929463731905751,0.326875901875902,0.977910622905083
"vihreät_p2.edgelist_conf_1",-0.635081533715293,0.316760227186866,0.591382966442188,0.476263927064423,0.416786162939587,0.635041658867989
"vihreät_p2.edgelist_conf_2",-0.62565445026178,0.311423907117556,0.668200961466405,0.468481821126789,0.424564765280912,0.625330352124753
"vihreät_p3.edgelist",-0.894821142552055,0.388581491729637,0.928457991890816,0.744822915116849,0.540042935300422,0.888216303088988
"vihreät_p3.edgelist_conf_1",-0.530110262934691,0.265046858330078,0.5448786398958,0.349755289329156,0.434957569443958,0.530531764936641
"vihreät_p3.edgelist_conf_2",-0.558368495077356,0.279124151123297,0.554778315935604,0.358226239338452,0.403520380877105,0.558767704469553
"yhdenvertaisuus_p3.edgelist",-0.844572896596018,0.421285932261909,0.852645122785262,0.588961721589764,0.394644446988197,0.844950042921378
"yhdenvertaisuus_p3.edgelist_conf_1",-0.784960422163588,0.39027157984141,0.776206457121918,0.505649793195816,0.46250588179936,0.784832022663362
"yhdenvertaisuus_p3.edgelist_conf_2",-0.784,0.378410666666667,0.851465107523147,0.479888675276477,0.465688445921004,0.781518439288736
"ympäristö_p3.edgelist",-0.853403141361257,0.399824566212549,0.727181267765411,0.686986594145479,0.44530747030747,0.862032002138497
"ympäristö_p3.edgelist_conf_1",-0.882673942701228,0.435426744266121,0.899202360499553,0.71941047254275,0.412749615975422,0.882765640961594
"ympäristö_p3.edgelist_conf_2",-0.857740585774059,0.42801927292745,0.871080114184452,0.745438762683978,0.449806998556999,0.858050033572967
"yrittäjät_p1.edgelist",-0.736314572089437,0.36736220053513,0.771149339727428,0.648825386620928,0.435753695141047,0.749776658918927
"yrittäjät_p1.edgelist_conf_1",-0.724815724815725,0.311515446650582,0.763216429777098,0.586290387436277,0.462307036536515,0.717739071137591
"yrittäjät_p1.edgelist_conf_2",-0.710526315789474,0.317898145342798,0.832234901890513,0.562476525499357,0.489052287581699,0.706772250241331
"yrittäjät_p2.edgelist",-0.748580697485807,0.345158058763827,0.762811548249449,0.750093668041573,0.411128393727178,0.740339660975282
"yrittäjät_p2.edgelist_conf_1",-0.660377358490566,0.330134189667323,0.644702518088152,0.568886273483272,0.449625033629271,0.661276263845243
"yrittäjät_p2.edgelist_conf_2",-0.603231597845602,0.298843831889869,0.605955470945326,0.498303256253009,0.534437823522331,0.60438734935931
"yrittäjät_p3.edgelist",-0.697167755991285,0.343804139908202,0.669133488694728,0.698206905567083,0.46889880952381,0.696403132620649
"yrittäjät_p3.edgelist_conf_1",-0.755634638196916,0.377803951036306,0.736900664258922,0.765243092633688,0.418614182515111,0.756741303981097
"yrittäjät_p3.edgelist_conf_2",-0.742168674698795,0.334242996080708,0.83443847247912,0.720377297290922,0.457246952835188,0.738691473347787
"CENTRE_p1.edgelist",-0.92494639027877,0.462562608541484,0.893007620004087,0.758181517400922,0.382648748579864,0.927219704565854
"CENTRE_p1.edgelist_conf_1",-0.592867756315008,0.297797502478313,0.679878846812484,0.394518397589943,0.440640581887242,0.594854315539002
"CENTRE_p1.edgelist_conf_2",-0.629050279329609,0.261524921194719,0.609756035454597,0.384343770164088,0.434240885914598,0.606914380875102
"CENTRE_p2.edgelist",-0.793499043977056,0.338477821364462,0.870003504083475,0.603814941649789,0.448884872880495,0.783696123435721
"CENTRE_p2.edgelist_conf_1",-0.670482827277252,0.326766484617132,0.7193667345411,0.483206406234645,0.424717194175847,0.669691446611517
"CENTRE_p2.edgelist_conf_2",-0.714859437751004,0.333325268947275,0.660117667085674,0.484725346996592,0.414216446394773,0.707858675490099
"CENTRE_p3.edgelist",-0.915407854984894,0.421255738812169,0.898369580082934,0.752922068987248,0.398928638343108,0.912572627609297
"CENTRE_p3.edgelist_conf_1",-0.628787878787879,0.307958849862259,0.674719852368783,0.410957223402708,0.44221130971131,0.627117470678605
"CENTRE_p3.edgelist_conf_2",-0.633501259445844,0.313854221522883,0.67380669739425,0.40995306732824,0.404126264126264,0.632725521096053
"ECONOMICPOLICY_p1.edgelist",-0.751170568561873,0.375323666526226,0.655681231070562,0.301200459180104,0.420222179320437,0.759875623353503
"ECONOMICPOLICY_p1.edgelist_conf_1",-0.699082568807339,0.347799006817608,0.705011134131246,0.286796158780379,0.431482020381978,0.698844051707608
"ECONOMICPOLICY_p1.edgelist_conf_2",-0.709132420091324,0.354253455932945,0.695540060723552,0.279607988320717,0.424245378952329,0.709217293402574
"ECONOMICPOLICY_p2.edgelist",-0.808529674917984,0.39315571679136,0.836207934341822,0.476720019022103,0.437857908019198,0.808883793477931
"ECONOMICPOLICY_p2.edgelist_conf_1",-0.731781996325781,0.35532452415711,0.707262721062442,0.322738329497707,0.435908434384044,0.729504756452426
"ECONOMICPOLICY_p2.edgelist_conf_2",-0.713584789941736,0.35675257033468,0.7441175026348,0.320594455525878,0.462234651095609,0.713770284144524
"ECONOMICPOLICY_p3.edgelist",-0.802495930548019,0.401424609961171,0.849584291907229,0.432679975837598,0.428559702335314,0.809628959484397
"ECONOMICPOLICY_p3.edgelist_conf_1",-0.694839609483961,0.346802207399886,0.695342922745942,0.319216045784402,0.450234820557915,0.694854974140775
"ECONOMICPOLICY_p3.edgelist_conf_2",-0.709821428571429,0.354572062589684,0.739877297492479,0.33823741380389,0.428102236385746,0.709886381682761
"EDUCATION_p2.edgelist",-0.793445243804956,0.396529586882053,0.781887068816636,0.419800458606352,0.397950606392997,0.794700218242681
"EDUCATION_p2.edgelist_conf_1",-0.647039634643614,0.317152968644339,0.65519131365999,0.27535159883402,0.441099145393048,0.644435244110555
"EDUCATION_p2.edgelist_conf_2",-0.654676258992806,0.325896254279055,0.6097051252455,0.286585311836598,0.434994097685275,0.654213137782572
"EDUCATION_p3.edgelist",-0.766661071008897,0.373119944234672,0.691087113266314,0.313083460396674,0.465469216069745,0.775697882785074
"EDUCATION_p3.edgelist_conf_1",-0.655788388869804,0.328026364654568,0.700973984170318,0.272512022138409,0.461014767194648,0.656070885219952
"EDUCATION_p3.edgelist_conf_2",-0.674139996577101,0.337104780872795,0.653869515049767,0.267145895481081,0.43805738908898,0.674285683161629
"FINNS_p1.edgelist",-0.96969696969697,0.365016128077651,0.97641193113659,0.867611705740742,0.636483468031087,0.967232898091206
"FINNS_p1.edgelist_conf_1",-0.438668373879641,0.219674372623823,0.401443726084544,0.312741332151646,0.445295391434169,0.439469528440261
"FINNS_p1.edgelist_conf_2",-0.478858889454916,0.239494063506506,0.513515485279477,0.351660262432464,0.401086358409945,0.479238221053579
"FINNS_p2.edgelist",-0.904889484259879,0.429171812732695,0.871446873569267,0.780632434520395,0.351533855473299,0.902605878376484
"FINNS_p2.edgelist_conf_1",-0.556265530706425,0.279243786992837,0.643103930351486,0.39784692374564,0.42799931190023,0.558946859501084
"FINNS_p2.edgelist_conf_2",-0.581085814360771,0.289823672482909,0.61151153657558,0.407035314477419,0.419222381874633,0.58105904641584
"FINNS_p3.edgelist",-0.889549108703251,0.215835884750274,0.751927333882111,0.787205563652331,0.421014489140623,0.851908733194578
"FINNS_p3.edgelist_conf_1",-0.656528189910979,0.315114049608608,0.705777258039705,0.552745571018336,0.428493446193837,0.652747977262321
"FINNS_p3.edgelist_conf_2",-0.624953305939485,0.312617240989075,0.677732805375124,0.506976336521614,0.426016429281309,0.625182528016414
"GREEN_p1.edgelist",-0.974542206342117,0.393346180951946,0.956373319964902,0.88900876736663,0.335870295016636,0.972256753552463
"GREEN_p1.edgelist_conf_1",-0.536608408124705,0.257872868911698,0.55564225791377,0.376776841666901,0.459971526239724,0.531233536739273
"GREEN_p1.edgelist_conf_2",-0.53514526710403,0.258848240957971,0.561813656867707,0.353921237629816,0.460960584816147,0.530962961900556
"GREEN_p2.edgelist",-0.960648148148148,0.429692262993446,0.969971455539086,0.878140630642916,0.353933748150394,0.959398549874231
"GREEN_p2.edgelist_conf_1",-0.645252525252525,0.297779900010203,0.541230962691159,0.462791035443099,0.443323951467472,0.634585066068395
"GREEN_p2.edgelist_conf_2",-0.642597821702299,0.301141285059933,0.55600122817424,0.494868516247589,0.441817035853076,0.639324808644774
"GREEN_p3.edgelist",-0.874700079978672,0.402087675757806,0.833802537749293,0.720171895432331,0.601564804870644,0.874642573143142
"GREEN_p3.edgelist_conf_1",-0.574335782928208,0.242190658092818,0.567978839792138,0.368119652697642,0.40841026112813,0.549724362392749
"GREEN_p3.edgelist_conf_2",-0.505090497737557,0.252545248868778,0.493184579350142,0.365366636472767,0.437681416672493,0.505624105017477
"IMMIGRATION_p1.edgelist",-0.966560968578841,0.474813820653067,0.973924096009656,0.832031286714024,0.292380851759048,0.970839096749502
"IMMIGRATION_p1.edgelist_conf_1",-0.552631578947368,0.233569953961788,0.505323814145352,0.285324056141825,0.416841899606085,0.526485522874182
"IMMIGRATION_p1.edgelist_conf_2",-0.520757020757021,0.252053590995899,0.537122699720547,0.320569505660029,0.424617879739676,0.515764492279727
"IMMIGRATION_p2.edgelist",-0.977051061388411,0.475913982954192,0.962643999140366,0.853775818609935,0.355664415415149,0.977964628444504
"IMMIGRATION_p2.edgelist_conf_1",-0.564009661835749,0.278732620656258,0.564228007898574,0.352071933278827,0.428106936450292,0.562878623838712
"IMMIGRATION_p2.edgelist_conf_2",-0.591651542649728,0.275164881977771,0.522003514463548,0.37503894674597,0.430241536014111,0.584244674213495
"IMMIGRATION_p3.edgelist",-0.898880895283773,0.44927527202858,0.897173401816462,0.685331752870732,0.429709347031055,0.899236769958268
"IMMIGRATION_p3.edgelist_conf_1",-0.511363636363636,0.235495385958349,0.558817575373341,0.287157320992905,0.531809486206168,0.512999121042939
"IMMIGRATION_p3.edgelist_conf_2",-0.526791342719059,0.263795153328885,0.438899990572747,0.297386153155013,0.460042085663424,0.529716762833121
"LEFT_p1.edgelist",-0.984873949579832,0.333950992161571,0.96876282003625,0.927044453857134,0.329251700680272,0.981756349137767
"LEFT_p1.edgelist_conf_1",-0.555455770094297,0.276419797121864,0.521725131834675,0.383190434951588,0.411811240940796,0.555570306997509
"LEFT_p1.edgelist_conf_2",-0.566232599910193,0.278996654722656,0.599958415659387,0.356745208533837,0.408312207305516,0.564443056731264
"LEFT_p2.edgelist",-0.905158069883528,0.430084634317181,0.90923192558676,0.857027299020204,0.606688031364257,0.905414764789727
"LEFT_p2.edgelist_conf_1",-0.670464504820333,0.313374263853609,0.755137226130776,0.582803025096706,0.441309000366801,0.664699342169297
"LEFT_p2.edgelist_conf_2",-0.691901408450704,0.287694033921841,0.591409937055614,0.575309591856943,0.428345333268607,0.676761139923385
"LEFT_p3.edgelist",-0.901639344262295,0.434614350980919,0.825128920400173,0.856581239712958,0.431845238095238,0.902044935520285
"LEFT_p3.edgelist_conf_1",-0.709281961471103,0.345490291098359,0.588384261271328,0.616677730785954,0.497363465160075,0.71526807934188
"LEFT_p3.edgelist_conf_2",-0.783595113438045,0.387196988386649,0.78861417909172,0.75375421495145,0.396121933621934,0.783672953835058
"NATIONAL_p1.edgelist",-0.942310522442973,0.44906681047669,0.95338559270615,0.798678992067423,0.329839410075987,0.9429449415474
"NATIONAL_p1.edgelist_conf_1",-0.547417840375587,0.174936777682265,0.457203155870364,0.242164303570186,0.501601270151079,0.476209144057965
"NATIONAL_p1.edgelist_conf_2",-0.452273082330886,0.185204521409215,0.428408725032407,0.210557920137492,0.555798790605714,0.436465729710455
"NATIONAL_p2.edgelist",-0.81508875739645,0.364649620549,0.80476099913349,0.632321885646179,0.398812172805981,0.805922706068436
"NATIONAL_p2.edgelist_conf_1",-0.53631067961165,0.269012951267791,0.619881881408134,0.393473943029894,0.43716517777246,0.539184257359445
"NATIONAL_p2.edgelist_conf_2",-0.58359375,0.271546630859375,0.505033958192219,0.36665847982564,0.412257837648889,0.573830389933384
"NATIONAL_p3.edgelist",-0.932483120780195,0.426069383062195,0.913561301341894,0.87004976173412,0.357149673243423,0.929702207512169
"NATIONAL_p3.edgelist_conf_1",-0.673469387755102,0.306075624308412,0.710389766582111,0.539839335429615,0.420736182643297,0.663104317679349
"NATIONAL_p3.edgelist_conf_2",-0.644094488188976,0.316511873023746,0.619991816758162,0.517782331925332,0.422246272246272,0.646253161008394
"SDP_p1.edgelist",-0.9527352297593,0.458926018319456,0.920166134818415,0.853766759790709,0.414374486898113,0.958046857057367
"SDP_p1.edgelist_conf_1",-0.542113672677471,0.261713951130822,0.574520111584824,0.319083044151129,0.425823896118351,0.536653449265536
"SDP_p1.edgelist_conf_2",-0.565714285714286,0.256528091428571,0.565862168171956,0.329477400237729,0.404890113073677,0.55073479566523
"SDP_p2.edgelist",-0.841700256504214,0.342773309650926,0.854120099852308,0.686930674881793,0.390110739234649,0.830076787403587
"SDP_p2.edgelist_conf_1",-0.542812863231306,0.264009291515907,0.583422819624208,0.407570025201552,0.424627938203463,0.539255797015426
"SDP_p2.edgelist_conf_2",-0.562740569668976,0.272418055933356,0.567333092631161,0.414548840897999,0.417630010234072,0.558239833445185
"SDP_p3.edgelist",-0.815352697095436,0.38001670081438,0.789298275332416,0.741590950636685,0.461538502956413,0.811570293381726
"SDP_p3.edgelist_conf_1",-0.648106904231626,0.324537080669243,0.594902966297354,0.49379191520834,0.403989937572825,0.651701831886325
"SDP_p3.edgelist_conf_2",-0.647577092511013,0.321801800927633,0.544684973074638,0.531584712057541,0.40856129320415,0.653896460270299
"SOCIALSECURITY_p2.edgelist",-0.700978737765778,0.350602588864872,0.645624500557466,0.246682319602574,0.420496851872614,0.706926227547416
"SOCIALSECURITY_p2.edgelist_conf_1",-0.650405102568523,0.324538496697378,0.657635669050888,0.22452256743532,0.449159485477883,0.650304949983683
"SOCIALSECURITY_p2.edgelist_conf_2",-0.614552943195469,0.305319893906829,0.679895723614418,0.177123767182181,0.454472137539912,0.617562594751738
"SOCIALSECURITY_p3.edgelist",-0.798773891092679,0.392513962818789,0.768886564073175,0.393916718367035,0.420905484836394,0.80243105036139
"SOCIALSECURITY_p3.edgelist_conf_1",-0.658321060382916,0.318789638557092,0.630525325111369,0.241611726563817,0.43786624513786,0.654132993015494
"SOCIALSECURITY_p3.edgelist_conf_2",-0.628308823529412,0.313695258434256,0.630414902243059,0.220145080293529,0.465369453516133,0.628297283955761
"ihmisoikeudet_p3.edgelist_ER",-0.769585253456221,0.362375926437172,0.727862083189102,0.199532920783755,0.535103244837758,0.770212050842285
"ilmasto_p1.edgelist_ER",-0.665480427046263,0.332425770700432,0.663050875739842,0.0457869063465428,0.526233948635634,0.665558049995144
"ilmasto_p2.edgelist_ER",-0.669380087664371,0.313167417461278,0.624002557905462,0.0186314285101061,0.523934311670161,0.665345284794144
"ilmasto_p3.edgelist_ER",-0.703309243058197,0.341202328072306,0.713682546344743,0.0820766498491902,0.535944919278253,0.700853219191946
"ilmastonmuutos_p2.edgelist_ER",-0.638681984597904,0.306388259227145,0.637796439319495,0.00702670369881781,0.501543103116953,0.63486830731065
"ilmastonmuutos_p3.edgelist_ER",-0.651173217755193,0.315047118817393,0.634561184320996,0.00651265387966574,0.50516526068317,0.647850166494241
"ilmastovaalit_p1.edgelist_ER",-0.512282017626102,0.256113513188705,0.523132819836049,0.0435123284220242,0.472755102040816,0.512430825486064
"itämeri_p3.edgelist_ER",-0.717842323651452,0.343005888328369,0.70768097568483,0.216259832801715,0.572266666666667,0.716284573978223
"jotainrajaa_p1.edgelist_ER",-0.491247264770241,0.245144817547606,0.486215440109125,0.0593496579625624,0.472603083378945,0.492304754022696
"journalismi_p1.edgelist_ER",-0.743624161073825,0.331132831854421,0.700463438347137,0.149003881095279,0.499905838041431,0.741405313879107
"journalismi_p2.edgelist_ER",-0.744604316546763,0.344251397443197,0.749181925946462,0.209182627452982,0.566111111111111,0.742822664454241
"journalismi_p3.edgelist_ER",-0.724756918474196,0.362375941851755,0.725266702926135,0.131631550122461,0.565353535353535,0.725268177869885
"keskusta_p1.edgelist_ER",-0.617583988563259,0.293024068555044,0.612138671900791,0.0371221249238438,0.494562211981567,0.611434646043739
"keskusta_p2.edgelist_ER",-0.661390887290168,0.330828977106085,0.63425621412266,0.0956341518349529,0.529462365591398,0.661948731252522
"keskusta_p3.edgelist_ER",-0.61864406779661,0.296783120027672,0.580212614977287,0.0844010028814375,0.490232205956588,0.615124856972452
"kokoomus_p1.edgelist_ER",-0.516965476366869,0.246391748525945,0.491377267534573,-0.01162390149036,0.448584923848082,0.51066724077652
"kokoomus_p2.edgelist_ER",-0.600888559792669,0.300419401209063,0.607893872966619,0.0711975579755359,0.504341577177568,0.601362923086822
"kokoomus_p3.edgelist_ER",-0.665165165165165,0.332582582582583,0.662142324827082,0.111151649263255,0.529630952380952,0.665889330389654
"koulutus_p1.edgelist_ER",-0.698779537782394,0.308078629547907,0.646432594571746,0.0725527612721543,0.53354567633505,0.693655571767942
"koulutus_p2.edgelist_ER",-0.718466195761857,0.359233097880928,0.737093316621209,0.11795468604382,0.543422733077905,0.718845772992085
"koulutus_p3.edgelist_ER",-0.743896362730443,0.358266247505927,0.730029115094962,0.131321989053627,0.537448559670782,0.743296462558281
"koulutuslupaus_p1.edgelist_ER",-0.846855983772819,0.402129817444219,0.836285065239867,0.167749535015771,0.549885057471264,0.845260585683824
"lapsenoikeudet_p3.edgelist_ER",-0.658189216683622,0.329330045152123,0.700560325278674,0.101692530501974,0.515883668903803,0.659177727419877
"lapset_p1.edgelist_ER",-0.729763387297634,0.334413756631809,0.726300970406632,0.109091067843948,0.554125412541254,0.726287413799432
"lapset_p2.edgelist_ER",-0.763175016265452,0.381582216834034,0.777252779573089,0.11829900796257,0.589691714836224,0.763634270274629
"lapset_p3.edgelist_ER",-0.748475609756098,0.352603546995836,0.722965185870952,0.163093602791907,0.578145695364238,0.745567302104204
"liikenne_p1.edgelist_ER",-0.77763739734681,0.361065474169047,0.762216410115422,0.168020568971436,0.566666666666667,0.776061515259917
"liikenne_p2.edgelist_ER",-0.786542923433875,0.388157363493952,0.808618126752393,0.216302750734842,0.548837209302326,0.786861121130181
"liikenne_p3.edgelist_ER",-0.776106934001671,0.387577129959401,0.779151169871658,0.194696117764684,0.56046511627907,0.776545316319597
"luonto_p1.edgelist_ER",-0.70652650021901,0.353219217860631,0.710419139264028,0.104058459498172,0.515015974440895,0.706940926880366
"luonto_p2.edgelist_ER",-0.696127946127946,0.336015174188575,0.696254339478422,0.0385181912021954,0.520644511581068,0.693082105702678
"luonto_p3.edgelist_ER",-0.683895771038018,0.341807655483359,0.692627918478756,0.0677447823122441,0.528756218905473,0.684411646662023
"maahanmuutto_p1.edgelist_ER",-0.627760252365931,0.313886034789878,0.615483691203092,0.0628081404624774,0.482089285714286,0.628207757041257
"maahanmuutto_p2.edgelist_ER",-0.67125382262997,0.309172441526621,0.623705294682468,0.105196343104807,0.523245614035088,0.670136961766706
"maahanmuutto_p3.edgelist_ER",-0.671745152354571,0.335901351278765,0.685189283810319,0.127445797966015,0.517588325652842,0.672382424940023
"metsä_p2.edgelist_ER",-0.702341137123746,0.351132817306294,0.694511808717856,0.112937076731351,0.507547169811321,0.702997080826291
"metsä_p3.edgelist_ER",-0.69589552238806,0.344856872354645,0.713047676068528,0.16369342492741,0.546333333333333,0.695521739535905
"mielenterveys_p1.edgelist_ER",-0.733423545331529,0.319744159261409,0.685535324482138,0.167629913812282,0.518888888888889,0.727647552920176
"mielenterveys_p2.edgelist_ER",-0.711645101663586,0.348604794981567,0.707363806318193,0.176632527703024,0.540229885057471,0.710576740031169
"mielenterveys_p3.edgelist_ER",-0.667224080267558,0.333277522063512,0.66470771483087,0.0825840660994895,0.538826815642458,0.667476824137938
"monimuotoisuus_p2.edgelist_ER",-0.680140597539543,0.330542179776646,0.659226745737909,0.0541686402703671,0.529637096774194,0.678422417049197
"monimuotoisuus_p3.edgelist_ER",-0.723756906077348,0.350007970181347,0.765922051281954,0.210339321634852,0.564671361502347,0.721773441288951
"nuoret_p1.edgelist_ER",-0.719885958660014,0.348914783462177,0.697835442561866,0.033572496972681,0.553677839851024,0.719784569544072
"nuoret_p2.edgelist_ER",-0.725828415796641,0.362946660652776,0.74345857896032,0.10106564043802,0.543764988009592,0.726169497335301
"nuoret_p3.edgelist_ER",-0.718597425654683,0.357819696537181,0.702167835762628,0.0786916404593701,0.537996031746032,0.719144484413918
"nytonpakko_p1.edgelist_ER",-0.582893081761006,0.276419445433329,0.580059238188467,0.0149346407202394,0.475770457862404,0.577714954824356
"nytonpakko_p2.edgelist_ER",-0.658198614318707,0.32879528932364,0.683776838867599,0.0855094814045588,0.528272642390289,0.658646513097196
"nytonpakko_p3.edgelist_ER",-0.743421052631579,0.361191514456371,0.770802669989095,0.135956102145086,0.553263403263403,0.742741094507726
"opiskelijat_p3.edgelist_ER",-0.678092399403875,0.306352597830939,0.610691976996848,0.107606121496024,0.52102973168963,0.67303109506115
"osaaminen_p2.edgelist_ER",-0.735490009514748,0.332762689876254,0.703699341320666,0.153166636152048,0.53922305764411,0.731075358103287
"osaaminen_p3.edgelist_ER",-0.738446411012783,0.357103285445364,0.686262112314792,0.200520724261744,0.568145161290323,0.738575622887162
"persut_p2.edgelist_ER",-0.67047308319739,0.335225896761042,0.668466203184643,0.125574888487103,0.547117117117117,0.671181776480732
"persut_p3.edgelist_ER",-0.671137026239067,0.335577182976481,0.68143402480389,0.0956847277363969,0.5326171875,0.671657201858544
"perussuomalaiset_p1.edgelist_ER",-0.496787284409875,0.248392441360778,0.49640737311512,0.0521568629982336,0.462835692835693,0.497452995850692
"perussuomalaiset_p2.edgelist_ER",-0.690202517788725,0.303989689415203,0.666742624874102,0.125961233735191,0.501063429324299,0.679960507373687
"arvopohja_p2.edgelist_ER",-0.567434210526316,0.283776618767313,0.54963411888482,0.110395228796199,0.4800362080316,0.568733727218105
"digitalisaatio_p1.edgelist_ER",-0.77160030052592,0.36223759723769,0.767039610797456,0.137148891720219,0.546825396825397,0.767695023573234
"digitalisaatio_p2.edgelist_ER",-0.782771535580524,0.391193280559101,0.776718533816792,0.272486054121572,0.566265060240964,0.783358538282691
"digitalisaatio_p3.edgelist_ER",-0.785591766723842,0.365386935146474,0.763898649829378,0.237935144829882,0.562704918032787,0.783624353387909
"eduskunta_p2.edgelist_ER",-0.736220472440945,0.351358147160739,0.716775599553359,0.126758296581881,0.552368421052632,0.734256695109009
"eduskunta_p3.edgelist_ER",-0.758454106280193,0.353242316040048,0.735180035915448,0.16014521285365,0.557101449275362,0.753665568481409
"eduskuntavaalit2019_p2.edgelist_ER",-0.836639439906651,0.365329655292607,0.798772572434752,0.262909361226444,0.557246376811594,0.834363279530132
"eduskuntavaalit_p1.edgelist_ER",-0.702870442203258,0.349674785934093,0.718386005316625,0.0502638611558139,0.52402380952381,0.702608229607471
"eurovaalit2019_p2.edgelist_ER",-0.614998679693689,0.306267239898785,0.613408481132407,0.0266988848347387,0.498832790445168,0.614637515919602
"eurovaalit_p2.edgelist_ER",-0.658211632077889,0.329109262411322,0.66364316209737,0.0486173120589241,0.527267288825078,0.658648838084564
"euvaalit2019_p3.edgelist_ER",-0.780966767371601,0.389821651865171,0.793276708522811,0.16561653196916,0.571223021582734,0.781208210635525
"hallitus_p1.edgelist_ER",-0.734950194889563,0.354199893050355,0.746417108462479,0.0951724557677113,0.547454545454545,0.731904989363063
"hallitus_p2.edgelist_ER",-0.77739430543572,0.355200438329731,0.754977504310181,0.19497680549259,0.501820728291317,0.775432698760885
"hallitus_p3.edgelist_ER",-0.645464982778416,0.322517976223273,0.650154848569268,0.0456767491551772,0.522079200956601,0.645602637116176
"hallitusohjelma_p2.edgelist_ER",-0.717465224111283,0.329515705586836,0.690176709208023,0.072150529077323,0.548888888888889,0.71300231144285
"hyvinvointi_p1.edgelist_ER",-0.796415770609319,0.364740432419933,0.745837163270766,0.18310591396766,0.588970588235294,0.800328394990973
"hyvinvointi_p2.edgelist_ER",-0.80355472404116,0.400627952826532,0.775463534213497,0.146784463288881,0.553198653198653,0.803706248594627
"hyvinvointi_p3.edgelist_ER",-0.809756097560976,0.404804018771895,0.811257661139358,0.23912120893977,0.569724770642202,0.810257983230721
"ihmisoikeudet_p1.edgelist_ER",-0.716136631330978,0.331019241094283,0.685543046969214,0.0871709303344672,0.505376344086022,0.711683730637013
"ihmisoikeudet_p2.edgelist_ER",-0.719188767550702,0.308101372416831,0.707785094641073,0.144176048857699,0.570125786163522,0.709724355709397
"ihmisoikeudet_p3.edgelist_ER",-0.769585253456221,0.362375926437172,0.727862083189102,0.192795418180981,0.535103244837758,0.770212050842285
"ilmasto_p1.edgelist_ER",-0.665480427046263,0.332425770700432,0.663050875739842,0.0471215282171264,0.526233948635634,0.665558049995144
"ilmasto_p2.edgelist_ER",-0.669380087664371,0.313167417461278,0.624002557905462,0.0342764905254127,0.523934311670161,0.665345284794144
"ilmasto_p3.edgelist_ER",-0.703309243058197,0.341202328072306,0.713682546344743,0.0760738995988409,0.535944919278253,0.700853219191946
"perussuomalaiset_p2.edgelist_ER",-0.690202517788725,0.303989689415203,0.666742624874102,0.114591527106502,0.501063429324299,0.679960507373687
"perussuomalaiset_p3.edgelist_ER",-0.747081712062257,0.364837090644824,0.757115739063303,0.230462821116977,0.544125683060109,0.74714290210256
"poliisi_p1.edgelist_ER",-0.720125786163522,0.350174043748269,0.696858420238973,0.0833583432622047,0.536407103825137,0.718075739912149
"poliisi_p2.edgelist_ER",-0.767748001880583,0.353762237991003,0.749501410321093,0.122354749565272,0.546594202898551,0.764416562504455
"poliisi_p3.edgelist_ER",-0.70303605313093,0.345001782312974,0.707813496168047,0.112926352400438,0.537382629107981,0.702431849113954
"politiikka_p1.edgelist_ER",-0.64053186611646,0.320103532634917,0.636620812333477,0.0137028192695972,0.522753643367678,0.640618773487319
"politiikka_p2.edgelist_ER",-0.637269372693727,0.318059666943533,0.63084480860925,0.0442970247101464,0.516559317368566,0.63720920409644
"politiikka_p3.edgelist_ER",-0.645436105476673,0.3224909380413,0.666045191918063,-0.0267255541391352,0.526707247479551,0.645684418130655
"rasismi_p1.edgelist_ER",-0.695414847161572,0.343988959020614,0.722945480587305,0.130807712939494,0.501930501930502,0.69467033231413
"rasismi_p3.edgelist_ER",-0.642479577126382,0.321189333206483,0.644497352366183,0.104165850259845,0.515260073260073,0.643003569376194
"sak_p1.edgelist_ER",-0.643876784372652,0.321883355978146,0.643384550853036,0.14210736094008,0.523506289308176,0.644637597447426
"sak_p2.edgelist_ER",-0.760683760683761,0.366455274307838,0.74101521832718,0.167011820102951,0.552666666666667,0.762129312746752
"sak_p3.edgelist_ER",-0.785871964679912,0.392180654844573,0.828347077608005,0.269718637317013,0.580434782608696,0.786228594042577
"samasuunta_p1.edgelist_ER",-0.561038961038961,0.279899645808737,0.5966402381159,0.095003976616604,0.475008818342152,0.561979373765753
"sananvapaus_p2.edgelist_ER",-0.704360679970436,0.35197139312655,0.727681271387558,0.139321373887416,0.578051001821494,0.704826811101106
"sananvapaus_p3.edgelist_ER",-0.772043010752688,0.351605966007631,0.735178537867035,0.123666308098562,0.541720430107527,0.771310876002968
"siksitiede_p1.edgelist_ER",-0.632034632034632,0.31614849796668,0.601357066171926,0.118220364444686,0.512563492063492,0.632589122015499
"talous_p1.edgelist_ER",-0.743915343915344,0.37193527616808,0.749754318336208,0.129164262601546,0.557529239766082,0.744251993647512
"talous_p2.edgelist_ER",-0.761643835616438,0.338412460123851,0.754267394525386,0.154562584316453,0.539191919191919,0.760923058782907
"talous_p3.edgelist_ER",-0.756432246998285,0.358493508174728,0.762515417624477,0.133396761299652,0.495748299319728,0.754821153525047
"tasaarvo_p1.edgelist_ER",-0.718950749464668,0.359306578965468,0.722305426756592,0.089817287472044,0.551195499296765,0.719115611691481
"tasaarvo_p2.edgelist_ER",-0.754351069119841,0.361506493005526,0.742267620139196,0.148593753794905,0.527200577200577,0.752360419579893
"tasaarvo_p3.edgelist_ER",-0.706072161924318,0.352022982664304,0.698697392337404,0.0205400071427907,0.531331877729258,0.706211900099724
"terrorismi_p3.edgelist_ER",-0.723446893787575,0.354022674607733,0.711156602115828,0.311290940304225,0.53828125,0.722535246806915
"terveys_p3.edgelist_ER",-0.825147347740668,0.354491452480112,0.800643536095457,0.242286225047949,0.538008130081301,0.82062226990574
"tphakijat_p3.edgelist_ER",-0.680555555555556,0.33984375,0.699141441010488,0.224098578023288,0.525406504065041,0.682286074130289
"translaki_p1.edgelist_ER",-0.815892314372558,0.365763171335921,0.776124052339055,0.12005632769119,0.55906862745098,0.814229182868976
"translaki_p2.edgelist_ER",-0.694677871148459,0.34321081373726,0.702621293157603,0.101448027150814,0.525980392156863,0.693908673042228
"tulevaisuus_p1.edgelist_ER",-0.814432989690722,0.405683592632259,0.821631255368248,0.179883419739533,0.543768115942029,0.814470929131004
"turku_p1.edgelist_ER",-0.718671902891824,0.359196191598324,0.721234249641563,0.0575804510665134,0.535347985347985,0.71891653119521
"turku_p2.edgelist_ER",-0.717550274223035,0.327074887453252,0.681238081294734,0.0716368215477213,0.533156028368794,0.712658020692052
"turku_p3.edgelist_ER",-0.743937924345296,0.339601045256286,0.704603943625398,0.0588344511414044,0.536875567665758,0.742691916319395
"turpo_p1.edgelist_ER",-0.599245892809049,0.279493607054911,0.57028516339955,0.0299209515385481,0.492591344713986,0.59528265871971
"turpo_p2.edgelist_ER",-0.657735522904062,0.315976032552222,0.636068171767065,0.0988409146951588,0.532723004694836,0.653559722862391
"turpo_p3.edgelist_ER",-0.6580204778157,0.325923423685774,0.646556841754501,0.0426414307690298,0.509772162833387,0.657162193228986
"turvallisuus_p1.edgelist_ER",-0.769230769230769,0.384525750651494,0.760431291149227,0.151623992418269,0.544649122807017,0.769513888776598
"turvallisuus_p2.edgelist_ER",-0.780045351473923,0.390022675736961,0.811308525423382,0.20559317154845,0.591218637992832,0.780581683550042
"turvallisuus_p3.edgelist_ER",-0.774011299435028,0.369288660488507,0.748589472706036,0.219270700264452,0.530088495575221,0.773608636411278
"tutkimus_p1.edgelist_ER",-0.765720081135903,0.359665129253772,0.73561038689875,0.0968296831402677,0.546028037383178,0.762699550189113
"tutkimus_p2.edgelist_ER",-0.762694300518135,0.371206743805203,0.762027184502118,0.140856255060525,0.535062893081761,0.762586694776039
"tutkimus_p3.edgelist_ER",-0.777932960893855,0.363218220405106,0.749772480993319,0.129201488386461,0.545916114790287,0.776767024910424
"työelämä_p1.edgelist_ER",-0.699613473219216,0.349634923214505,0.687660932890954,0.068589213480161,0.54158215010142,0.699762889088098
"työelämä_p2.edgelist_ER",-0.729552889858233,0.36474017379226,0.713330492938399,0.0625045877811221,0.52015503875969,0.729896531691545
"työelämä_p3.edgelist_ER",-0.70865704772475,0.351203681690464,0.710289030112842,0.0234806929427319,0.53295059151009,0.708011378811038
"työllisyys_p1.edgelist_ER",-0.710903426791277,0.35523335371357,0.743765490588215,0.0825304271396945,0.566282642089094,0.711227552814294
"työllisyys_p2.edgelist_ER",-0.784836065573771,0.389146902714324,0.789092689982617,0.239677258765436,0.577,0.78488847804226
"työllisyys_p3.edgelist_ER",-0.760056457304164,0.335050393721964,0.723510293298294,0.151165789603055,0.56078431372549,0.753796964134694
"vaalikone_p1.edgelist_ER",-0.784180790960452,0.349433432283188,0.740586898074929,0.168092734153086,0.561016949152542,0.783601498500281
"vaalit19_p1.edgelist_ER",-0.712137037810737,0.355898523824775,0.695559504427952,0.00536918123068661,0.537460063897764,0.71221632582032
"vaalit_p2.edgelist_ER",-0.78965717606043,0.365341015942449,0.772560686617926,0.135978409308748,0.550992063492064,0.788939580033242
"vaalitentti_p1.edgelist_ER",-0.609794319294809,0.304917016886327,0.623332454712603,0.0477157924666628,0.506944678697925,0.610041920374956
"vasemmisto_p1.edgelist_ER",-0.566037735849056,0.272876468494126,0.562856133470713,0.0896163232074442,0.492388551165147,0.561559643859651
"vasemmisto_p2.edgelist_ER",-0.656015037593985,0.32781672225677,0.661557422973699,0.150702321758805,0.504907975460123,0.656882804378279
"viestintä_p1.edgelist_ER",-0.736701109835438,0.337166649896914,0.719765609325436,0.120562196825358,0.557484076433121,0.735792077918541
"viestintä_p2.edgelist_ER",-0.73552983081033,0.367309767676423,0.745742845678212,0.0996409078339555,0.543939393939394,0.735683403971823
"viestintä_p3.edgelist_ER",-0.72852233676976,0.34353891368784,0.716306070568828,0.0402581200505233,0.522511574074074,0.726056917065668
"vihapuhe_p2.edgelist_ER",-0.732574679943101,0.322961540562798,0.708535221425695,0.140550244744716,0.53050505050505,0.726297939381202
"vihreät_p1.edgelist_ER",-0.581951219512195,0.290705770374777,0.571779465807303,0.0389642462125501,0.491980130181569,0.582128836602051
"vihreät_p2.edgelist_ER",-0.62107904642409,0.310423813264611,0.607281693755817,0.0957480177849063,0.517756667884545,0.621605841066588
"vihreät_p3.edgelist_ER",-0.539241857981847,0.255619163377401,0.520689147814579,0.0315600883197469,0.499553791887125,0.532204842415841
"yhdenvertaisuus_p3.edgelist_ER",-0.751617076326003,0.354386983727986,0.734869861780281,0.122645462886346,0.549142857142857,0.749231081364242
"ympäristö_p3.edgelist_ER",-0.771580345285525,0.385806927226905,0.749092192854166,0.277917019887876,0.598051948051948,0.772266559526636
"yrittäjät_p1.edgelist_ER",-0.671042471042471,0.335322371461368,0.675426712705119,0.0759496669939818,0.545622895622896,0.671720913263767
"yrittäjät_p2.edgelist_ER",-0.653658536585366,0.326813404719413,0.65561781164221,0.117632897614028,0.522043010752688,0.654566291930878
"yrittäjät_p3.edgelist_ER",-0.715846994535519,0.340520170802353,0.718962566800312,0.215737784303971,0.544490358126722,0.714657378619462
"CENTRE_p1.edgelist_ER",-0.617583988563259,0.293024068555044,0.612138671900791,0.0170285305787352,0.494562211981567,0.611434646043739
"CENTRE_p2.edgelist_ER",-0.661390887290168,0.330828977106085,0.63425621412266,0.101308067328478,0.529462365591398,0.661948731252522
"CENTRE_p3.edgelist_ER",-0.61864406779661,0.296783120027672,0.580212614977287,0.0567338348121066,0.490232205956588,0.615124856972452
"ECONOMICPOLICY_p1.edgelist_ER",-0.684257602862254,0.338812099775666,0.669135122178401,0.0873096843094246,0.513703376087277,0.683295975118598
"ECONOMICPOLICY_p2.edgelist_ER",-0.736810551558753,0.362825207459931,0.763427833155973,0.0844568295856907,0.536963696369637,0.73600304812904
"ECONOMICPOLICY_p3.edgelist_ER",-0.693899782135076,0.339388696655133,0.698030146604694,0.0826642095512928,0.526893203883495,0.692104948475049
"EDUCATION_p2.edgelist_ER",-0.651575747880339,0.306368821334131,0.624278714866161,0.0506032307798725,0.512705693898354,0.648256246442178
"EDUCATION_p3.edgelist_ER",-0.666049486618414,0.332810480752479,0.666444293144382,0.036667659264571,0.548393672537508,0.666210751258674
"FINNS_p1.edgelist_ER",-0.503314393939394,0.240081030475207,0.482815697961082,0.0699441021717036,0.445537614790488,0.497715855483821
"FINNS_p2.edgelist_ER",-0.589812332439678,0.285467084504309,0.582816836019354,0.0127097854560088,0.496006895909049,0.586209552582399
"FINNS_p3.edgelist_ER",-0.671798460461861,0.302528205848952,0.66103594821577,0.0820616500010711,0.519377022653722,0.663170115831805
"GREEN_p1.edgelist_ER",-0.590614525139665,0.28156484504229,0.59768117339062,0.0536285117673165,0.474234657114035,0.587353860951757
"GREEN_p2.edgelist_ER",-0.621955933513723,0.310935008664087,0.621658979013734,0.0520895206799729,0.509664527749634,0.622412340261482
"GREEN_p3.edgelist_ER",-0.560650493201813,0.266808367675311,0.550878291421659,0.0370150146882007,0.482051143720328,0.556495561147353
"IMMIGRATION_p1.edgelist_ER",-0.538128874153092,0.265661739651592,0.548956431223551,0.0564709682168658,0.459126667426747,0.536310237353306
"IMMIGRATION_p2.edgelist_ER",-0.595982783357245,0.291384803492731,0.601048595705304,0.032928978085,0.491462117493045,0.592994087081168
"IMMIGRATION_p3.edgelist_ER",-0.566660003997602,0.283267177410923,0.574465004765896,0.0587263661164391,0.500072803753438,0.566914793781035
"LEFT_p1.edgelist_ER",-0.572390572390572,0.286144625264996,0.571655916943016,0.0253024618557348,0.492806000681896,0.572978464658239
"LEFT_p2.edgelist_ER",-0.664440734557596,0.316119520291192,0.642534895299071,0.17216532836627,0.518087121212121,0.662592765561656
"LEFT_p3.edgelist_ER",-0.711001642036125,0.355553398529448,0.689906239724617,0.236654033978877,0.571951219512195,0.712263699745946
"NATIONAL_p1.edgelist_ER",-0.500809418690213,0.250093297835648,0.50577991590965,0.0116325759248249,0.453386075551024,0.500895000901637
"NATIONAL_p2.edgelist_ER",-0.59689349112426,0.28210015405623,0.586886585979654,0.0203301682707678,0.485566448801743,0.590913588638928
"NATIONAL_p3.edgelist_ER",-0.665165165165165,0.332582582582583,0.662142324827082,0.125382728396183,0.529630952380952,0.665889330389654
"SDP_p1.edgelist_ER",-0.562800875273523,0.265966128638394,0.544182600498962,0.0266656883906642,0.465855523569629,0.559016352827272
"SDP_p2.edgelist_ER",-0.582844574780059,0.27205594637129,0.574212862019153,0.0637146817514593,0.480350797035232,0.573857253413885
"SDP_p3.edgelist_ER",-0.686721991701245,0.320763244434497,0.677349751585221,0.128628274199225,0.521766169154229,0.682169265685628
"SOCIALSECURITY_p2.edgelist_ER",-0.656640757012504,0.326752482188421,0.649807601420347,0.0541786255979183,0.512330407023144,0.65638012143246
"SOCIALSECURITY_p3.edgelist_ER",-0.65756644368107,0.315784659898069,0.651870717747745,0.00444786626943352,0.51580848358761,0.6540817867199
